Image Name,crater_lat,crater_long,robins_lat,robins_long,MILES,The Result
M1260669909RC_pyr.tif,-6.762124000000001,96.816438,-6.751760000000001,97.0823,18.276861994622266,Crater located outside 5 miles range
M1260669909RC_pyr.tif,-6.761566999999999,96.821564,-6.751760000000001,97.0823,17.9235423102542,Crater located outside 5 miles range
M1260669909RC_pyr.tif,-6.761444,96.795996,-6.751760000000001,97.0823,19.678481424322992,Crater located outside 5 miles range
M1260669909RC_pyr.tif,-6.760609,96.81838,-6.751760000000001,97.0823,18.13980136691804,Crater located outside 5 miles range
M1260669909RC_pyr.tif,-6.759124000000001,96.822806,-6.751760000000001,97.0823,17.832777224084857,Crater located outside 5 miles range
M1260669909RC_pyr.tif,-6.758722,96.764537,-6.751760000000001,97.0823,21.833558543413275,Crater located outside 5 miles range
M1260669909RC_pyr.tif,-6.756867,96.790615,-6.751760000000001,97.0823,20.040033470652876,Crater located outside 5 miles range
M1260669909RC_pyr.tif,-6.756619000000001,96.83914,-6.751760000000001,97.0823,16.706933445698127,Crater located outside 5 miles range
M1260669909RC_pyr.tif,-6.756527,96.837262,-6.751760000000001,97.0823,16.835792320072912,Crater located outside 5 miles range
M1260669909RC_pyr.tif,-6.754888,96.821564,-6.751760000000001,97.0823,17.91228120184272,Crater located outside 5 miles range
M1260669909RC_pyr.tif,-6.754608999999999,96.819335,-6.751760000000001,97.0823,18.065176360419127,Crater located outside 5 miles range
M1260669909RC_pyr.tif,-6.754084,96.833727,-6.751760000000001,97.0823,17.076227578866227,Crater located outside 5 miles range
M1260669909RC_pyr.tif,-6.753311,96.750814,-6.751760000000001,97.0823,22.77137610597276,Crater located outside 5 miles range
M1260669909RC_pyr.tif,-6.752445,96.83649799999999,-6.751760000000001,97.0823,16.885223670801032,Crater located outside 5 miles range
M1260669909RC_pyr.tif,-6.7522899999999995,96.75851899999999,-6.751760000000001,97.0823,22.241891922385246,Crater located outside 5 miles range
M1260669909RC_pyr.tif,-6.751455,96.770969,-6.751760000000001,97.0823,21.386648505561055,Crater located outside 5 miles range
M1260669909RC_pyr.tif,-6.750928999999999,96.765429,-6.751760000000001,97.0823,21.767290819557434,Crater located outside 5 miles range
M1260669909RC_pyr.tif,-6.750806,96.82786899999999,-6.751760000000001,97.0823,17.478072161316433,Crater located outside 5 miles range
M1260669909RC_pyr.tif,-6.750775,96.757755,-6.751760000000001,97.0823,22.294481849468287,Crater located outside 5 miles range
M1260669909RC_pyr.tif,-6.75062,96.825512,-6.751760000000001,97.0823,17.64003889696378,Crater located outside 5 miles range
M1260669909RC_pyr.tif,-6.750404,96.838535,-6.751760000000001,97.0823,16.745522419937366,Crater located outside 5 miles range
M1260669909RC_pyr.tif,-6.750063000000001,96.76743499999999,-6.751760000000001,97.0823,21.629748828130715,Crater located outside 5 miles range
M1260669909RC_pyr.tif,-6.749414,96.778834,-6.751760000000001,97.0823,20.84702525644854,Crater located outside 5 miles range
M1260669909RC_pyr.tif,-6.749229,96.75014499999999,-6.751760000000001,97.0823,22.81784146070296,Crater located outside 5 miles range
M1260669909RC_pyr.tif,-6.749229,96.750941,-6.751760000000001,97.0823,22.763162336230526,Crater located outside 5 miles range
M1260669909RC_pyr.tif,-6.748208,96.75415699999999,-6.751760000000001,97.0823,22.54292186375899,Crater located outside 5 miles range
M1260669909RC_pyr.tif,-6.747095,96.75715,-6.751760000000001,97.0823,22.338323718241856,Crater located outside 5 miles range
M1260669909RC_pyr.tif,-6.747002,96.797715,-6.751760000000001,97.0823,19.552166090346628,Crater located outside 5 miles range
M1260669909RC_pyr.tif,-6.746167,96.83239,-6.751760000000001,97.0823,17.171765784516097,Crater located outside 5 miles range
M1260669909RC_pyr.tif,-6.745641,96.772052,-6.751760000000001,97.0823,21.316517048478822,Crater located outside 5 miles range
M1260669909RC_pyr.tif,-6.745394,96.77635,-6.751760000000001,97.0823,21.021677498872357,Crater located outside 5 miles range
M1260669909RC_pyr.tif,-6.745239,96.760207,-6.751760000000001,97.0823,22.13060356662874,Crater located outside 5 miles range
M1260669909RC_pyr.tif,-6.745116,96.78230400000001,-6.751760000000001,97.0823,20.613180089119645,Crater located outside 5 miles range
M1260669909RC_pyr.tif,-6.744992,96.758997,-6.751760000000001,97.0823,22.214061611535634,Crater located outside 5 miles range
M1260669909RC_pyr.tif,-6.744312,96.814113,-6.751760000000001,97.0823,18.430137971129337,Crater located outside 5 miles range
M1260669909RC_pyr.tif,-6.744281,96.763837,-6.751760000000001,97.0823,21.88276231220542,Crater located outside 5 miles range
M1260669909RC_pyr.tif,-6.743538,96.786571,-6.751760000000001,97.0823,20.322891289604367,Crater located outside 5 miles range
M1260669909RC_pyr.tif,-6.742487,96.76001600000001,-6.751760000000001,97.0823,22.14841789712805,Crater located outside 5 miles range
M1260669909RC_pyr.tif,-6.742085,96.746738,-6.751760000000001,97.0823,23.06097474184705,Crater located outside 5 miles range
M1260669909RC_pyr.tif,-6.741745,96.83509699999999,-6.751760000000001,97.0823,16.995524422082497,Crater located outside 5 miles range
M1260669909RC_pyr.tif,-6.741714,96.78284599999999,-6.751760000000001,97.0823,20.582542681501558,Crater located outside 5 miles range
M1260669909RC_pyr.tif,-6.741188,96.769186,-6.751760000000001,97.0823,21.521611441205206,Crater located outside 5 miles range
M1260669909RC_pyr.tif,-6.7411259999999995,96.8272,-6.751760000000001,97.0823,17.53930863192051,Crater located outside 5 miles range
M1260669909RC_pyr.tif,-6.740848,96.758679,-6.751760000000001,97.0823,22.243774218943177,Crater located outside 5 miles range
M1260669909RC_pyr.tif,-6.740384,96.752915,-6.751760000000001,97.0823,22.640600088840436,Crater located outside 5 miles range
M1260669909RC_pyr.tif,-6.739209,96.816342,-6.751760000000001,97.0823,18.290351141517593,Crater located outside 5 miles range
M1260669909RC_pyr.tif,-6.73825,96.747598,-6.751760000000001,97.0823,23.011136880126543,Crater located outside 5 miles range
M1260669909RC_pyr.tif,-6.737013,96.797811,-6.751760000000001,97.0823,19.569293403511395,Crater located outside 5 miles range
M1260669909RC_pyr.tif,-6.736704,96.757914,-6.751760000000001,97.0823,22.30778301418662,Crater located outside 5 miles range
M1260669909RC_pyr.tif,-6.736426,96.829301,-6.751760000000001,97.0823,17.411748314539246,Crater located outside 5 miles range
M1260669909RC_pyr.tif,-6.735745,96.78962800000001,-6.751760000000001,97.0823,20.13529371053284,Crater located outside 5 miles range
M1260669909RC_pyr.tif,-6.735342999999999,96.82471600000001,-6.751760000000001,97.0823,17.730748169466445,Crater located outside 5 miles range
M1260669909RC_pyr.tif,-6.734663,96.76374100000001,-6.751760000000001,97.0823,21.91505130133455,Crater located outside 5 miles range
M1260669909RC_pyr.tif,-6.734478,96.77271999999999,-6.751760000000001,97.0823,21.29985706198473,Crater located outside 5 miles range
M1260669909RC_pyr.tif,-6.734354,96.749572,-6.751760000000001,97.0823,22.888163152392668,Crater located outside 5 miles range
M1260669909RC_pyr.tif,-6.733612,96.75317,-6.751760000000001,97.0823,22.6441064516457,Crater located outside 5 miles range
M1260669909RC_pyr.tif,-6.733179,96.779025,-6.751760000000001,97.0823,20.872718163282705,Crater located outside 5 miles range
M1260669909RC_pyr.tif,-6.732622,96.767849,-6.751760000000001,97.0823,21.641376720313005,Crater located outside 5 miles range
M1260669909RC_pyr.tif,-6.731818,96.825767,-6.751760000000001,97.0823,17.675887521153573,Crater located outside 5 miles range
M1260669909RC_pyr.tif,-6.731756,96.76259499999999,-6.751760000000001,97.0823,22.00530364915865,Crater located outside 5 miles range
M1260669909RC_pyr.tif,-6.731014,96.81631,-6.751760000000001,97.0823,18.327885337459904,Crater located outside 5 miles range
M1260669909RC_pyr.tif,-6.730767,96.754858,-6.751760000000001,97.0823,22.540058188258076,Crater located outside 5 miles range
M1260669909RC_pyr.tif,-6.730519,96.782336,-6.751760000000001,97.0823,20.657864138273222,Crater located outside 5 miles range
M1260669909RC_pyr.tif,-6.730303,96.785648,-6.751760000000001,97.0823,20.431989261072772,Crater located outside 5 miles range
M1260669909RC_pyr.tif,-6.730055,96.786858,-6.751760000000001,97.0823,20.350332132658906,Crater located outside 5 miles range
M1260669909RC_pyr.tif,-6.729158999999999,96.81169399999999,-6.751760000000001,97.0823,18.654255180831797,Crater located outside 5 miles range
M1260669909RC_pyr.tif,-6.728973,96.780171,-6.751760000000001,97.0823,20.81397663011528,Crater located outside 5 miles range
M1260669909RC_pyr.tif,-6.728664,96.77335699999999,-6.751760000000001,97.0823,21.282352013311538,Crater located outside 5 miles range
M1260669909RC_pyr.tif,-6.72854,96.782527,-6.751760000000001,97.0823,20.65487795051922,Crater located outside 5 miles range
M1260669909RC_pyr.tif,-6.728478,96.80494300000001,-6.751760000000001,97.0823,19.120321304061832,Crater located outside 5 miles range
M1260669909RC_pyr.tif,-6.728231,96.820545,-6.751760000000001,97.0823,18.054026959352733,Crater located outside 5 miles range
M1260669909RC_pyr.tif,-6.727767,96.80367,-6.751760000000001,97.0823,19.21161098298305,Crater located outside 5 miles range
M1260669909RC_pyr.tif,-6.726128,96.79010500000001,-6.751760000000001,97.0823,20.149757656942814,Crater located outside 5 miles range
M1260669909RC_pyr.tif,-6.726004,96.80125,-6.751760000000001,97.0823,19.387965429323593,Crater located outside 5 miles range
M1260669909RC_pyr.tif,-6.725571,96.782241,-6.751760000000001,97.0823,20.69127453878756,Crater located outside 5 miles range
M1260669909RC_pyr.tif,-6.725386,96.763773,-6.751760000000001,97.0823,21.95647227155937,Crater located outside 5 miles range
M1260669909RC_pyr.tif,-6.724087,96.771383,-6.751760000000001,97.0823,21.443282623806315,Crater located outside 5 miles range
M1260669909RC_pyr.tif,-6.723623,96.772338,-6.751760000000001,97.0823,21.380806949551257,Crater located outside 5 miles range
M1260669909RC_pyr.tif,-6.722911999999999,96.776287,-6.751760000000001,97.0823,21.11519765182724,Crater located outside 5 miles range
M1260669909RC_pyr.tif,-6.722664,96.801536,-6.751760000000001,97.0823,19.390786128155746,Crater located outside 5 miles range
M1260669909RC_pyr.tif,-6.7225410000000005,96.766511,-6.751760000000001,97.0823,21.7862399540452,Crater located outside 5 miles range
M1260669909RC_pyr.tif,-6.722448,96.81627900000001,-6.751760000000001,97.0823,18.38531658514167,Crater located outside 5 miles range
M1260669909RC_pyr.tif,-6.722293,96.81420899999999,-6.751760000000001,97.0823,18.5278323386121,Crater located outside 5 miles range
M1260669909RC_pyr.tif,-6.722108,96.773325,-6.751760000000001,97.0823,21.32301164205747,Crater located outside 5 miles range
M1260669909RC_pyr.tif,-6.721984,96.788641,-6.751760000000001,97.0823,20.27678422738874,Crater located outside 5 miles range
M1260669909RC_pyr.tif,-6.721272999999999,96.78154,-6.751760000000001,97.0823,20.76705175881066,Crater located outside 5 miles range
M1260669909RC_pyr.tif,-6.720902000000001,96.815546,-6.751760000000001,97.0823,18.44730706678831,Crater located outside 5 miles range
M1260669909RC_pyr.tif,-6.720871000000001,96.827709,-6.751760000000001,97.0823,17.61781050632814,Crater located outside 5 miles range
M1260669909RC_pyr.tif,-6.719912,96.773707,-6.751760000000001,97.0823,21.31190442181464,Crater located outside 5 miles range
M1260669909RC_pyr.tif,-6.7195100000000005,96.782336,-6.751760000000001,97.0823,20.72529012274018,Crater located outside 5 miles range
M1260669909RC_pyr.tif,-6.7190460000000005,96.81551400000001,-6.751760000000001,97.0823,18.464618545146372,Crater located outside 5 miles range
M1260669909RC_pyr.tif,-6.719015,96.777114,-6.751760000000001,97.0823,21.085614531547307,Crater located outside 5 miles range
M1260669909RC_pyr.tif,-6.718303999999999,96.773453,-6.751760000000001,97.0823,21.340916531915582,Crater located outside 5 miles range
M1260669909RC_pyr.tif,-6.718242,96.82927,-6.751760000000001,97.0823,17.534222755489065,Crater located outside 5 miles range
M1260669909RC_pyr.tif,-6.717655000000001,96.79051899999999,-6.751760000000001,97.0823,20.18090294109203,Crater located outside 5 miles range
M1260669909RC_pyr.tif,-6.717160000000001,96.769536,-6.751760000000001,97.0823,21.616984562040347,Crater located outside 5 miles range
M1260669909RC_pyr.tif,-6.716417999999999,96.788131,-6.751760000000001,97.0823,20.353842213772502,Crater located outside 5 miles range
M1260669909RC_pyr.tif,-6.71515,96.819908,-6.751760000000001,97.0823,18.200190804667493,Crater located outside 5 miles range
M1260669909RC_pyr.tif,-6.714747999999999,96.77679599999999,-6.751760000000001,97.0823,21.14069495771569,Crater located outside 5 miles range
M1260669909RC_pyr.tif,-6.714160000000001,96.810452,-6.751760000000001,97.0823,18.852987331403938,Crater located outside 5 miles range
M1260669909RC_pyr.tif,-6.714098,96.784852,-6.751760000000001,97.0823,20.59697894790512,Crater located outside 5 miles range
M1260669909RC_pyr.tif,-6.713975,96.758488,-6.751760000000001,97.0823,22.395885837936753,Crater located outside 5 miles range
M1260669909RC_pyr.tif,-6.713789,96.832581,-6.751760000000001,97.0823,17.352211663323896,Crater located outside 5 miles range
M1260669909RC_pyr.tif,-6.713386999999999,96.772211,-6.751760000000001,97.0823,21.464733324866074,Crater located outside 5 miles range
M1260669909RC_pyr.tif,-6.712242999999999,96.83325,-6.751760000000001,97.0823,17.32313924330579,Crater located outside 5 miles range
M1260669909RC_pyr.tif,-6.711655,96.771956,-6.751760000000001,97.0823,21.497089601118493,Crater located outside 5 miles range
M1260669909RC_pyr.tif,-6.711532000000001,96.77498100000001,-6.751760000000001,97.0823,21.29211087343494,Crater located outside 5 miles range
M1260669909RC_pyr.tif,-6.711005999999999,96.749317,-6.751760000000001,97.0823,23.045742885193416,Crater located outside 5 miles range
M1260669909RC_pyr.tif,-6.7109440000000005,96.833536,-6.751760000000001,97.0823,17.317990079572972,Crater located outside 5 miles range
M1260669909RC_pyr.tif,-6.7099850000000005,96.80207800000001,-6.751760000000001,97.0823,19.463309446142603,Crater located outside 5 miles range
M1260669909RC_pyr.tif,-6.709954,96.764569,-6.751760000000001,97.0823,22.01544833655476,Crater located outside 5 miles range
M1260669909RC_pyr.tif,-6.709428999999999,96.752438,-6.751760000000001,97.0823,22.84652390439668,Crater located outside 5 miles range
M1260669909RC_pyr.tif,-6.708408,96.79099699999999,-6.751760000000001,97.0823,20.232232712957238,Crater located outside 5 miles range
M1260669909RC_pyr.tif,-6.708130000000001,96.820991,-6.751760000000001,97.0823,18.199857660483456,Crater located outside 5 miles range
M1260669909RC_pyr.tif,-6.708006,96.75730899999999,-6.751760000000001,97.0823,22.527538149484457,Crater located outside 5 miles range
M1260669909RC_pyr.tif,-6.707419,96.767371,-6.751760000000001,97.0823,21.848286973370683,Crater located outside 5 miles range
M1260669909RC_pyr.tif,-6.707325999999999,96.791698,-6.751760000000001,97.0823,20.19573129961055,Crater located outside 5 miles range
M1260669909RC_pyr.tif,-6.705717999999999,96.824748,-6.751760000000001,97.0823,17.973815449337916,Crater located outside 5 miles range
M1260669909RC_pyr.tif,-6.705717999999999,96.827232,-6.751760000000001,97.0823,17.805860921960555,Crater located outside 5 miles range
M1260669909RC_pyr.tif,-6.704821000000001,96.77568199999999,-6.751760000000001,97.0823,21.309418666054057,Crater located outside 5 miles range
M1260669909RC_pyr.tif,-6.704728,96.795805,-6.751760000000001,97.0823,19.94508138187365,Crater located outside 5 miles range
M1260669909RC_pyr.tif,-6.703182000000001,96.818062,-6.751760000000001,97.0823,18.456899152889825,Crater located outside 5 miles range
M1260669909RC_pyr.tif,-6.702903999999999,96.829238,-6.751760000000001,97.0823,17.705957946521412,Crater located outside 5 miles range
M1260669909RC_pyr.tif,-6.702471000000001,96.828092,-6.751760000000001,97.0823,17.788912352411344,Crater located outside 5 miles range
M1260669909RC_pyr.tif,-6.7021,96.75934699999999,-6.751760000000001,97.0823,22.447030474740068,Crater located outside 5 miles range
M1260669909RC_pyr.tif,-6.7021,96.81217099999999,-6.751760000000001,97.0823,18.868390276115914,Crater located outside 5 miles range
M1260669909RC_pyr.tif,-6.700894,96.800263,-6.751760000000001,97.0823,19.688075801505015,Crater located outside 5 miles range
M1260669909RC_pyr.tif,-6.700739,96.77928,-6.751760000000001,97.0823,21.109982798771988,Crater located outside 5 miles range
M1260669909RC_pyr.tif,-6.7000589999999995,96.779248,-6.751760000000001,97.0823,21.11997499568486,Crater located outside 5 miles range
M1260669909RC_pyr.tif,-6.699903999999999,96.831594,-6.751760000000001,97.0823,17.587727421738258,Crater located outside 5 miles range
M1260669909RC_pyr.tif,-6.699872999999999,96.821214,-6.751760000000001,97.0823,18.287008238048067,Crater located outside 5 miles range
M1260669909RC_pyr.tif,-6.699717999999999,96.785202,-6.751760000000001,97.0823,20.720929363558277,Crater located outside 5 miles range
M1260669909RC_pyr.tif,-6.699285000000001,96.806599,-6.751760000000001,97.0823,19.2802795261892,Crater located outside 5 miles range
M1260669909RC_pyr.tif,-6.6991,96.79284399999999,-6.751760000000001,97.0823,20.211593845418967,Crater located outside 5 miles range
M1260669909RC_pyr.tif,-6.698822,96.83025699999999,-6.751760000000001,97.0823,17.692837436012233,Crater located outside 5 miles range
M1260669909RC_pyr.tif,-6.698605000000001,96.79268499999999,-6.751760000000001,97.0823,20.228464717903865,Crater located outside 5 miles range
M1260669909RC_pyr.tif,-6.697739,96.799148,-6.751760000000001,97.0823,19.80301655033032,Crater located outside 5 miles range
M1260669909RC_pyr.tif,-6.6976770000000005,96.830894,-6.751760000000001,97.0823,17.666418126354507,Crater located outside 5 miles range
M1260669909RC_pyr.tif,-6.697121000000001,96.790488,-6.751760000000001,97.0823,20.395487612489543,Crater located outside 5 miles range
M1260669909RC_pyr.tif,-6.696966000000001,96.757246,-6.751760000000001,97.0823,22.6457926826799,Crater located outside 5 miles range
M1260669909RC_pyr.tif,-6.696966000000001,96.779853,-6.751760000000001,97.0823,21.115932797339475,Crater located outside 5 miles range
M1260669909RC_pyr.tif,-6.696842,96.776732,-6.751760000000001,97.0823,21.32844609955501,Crater located outside 5 miles range
M1260669909RC_pyr.tif,-6.695822,96.752024,-6.751760000000001,97.0823,23.012644178968756,Crater located outside 5 miles range
M1260669909RC_pyr.tif,-6.694709,96.752565,-6.751760000000001,97.0823,22.98894598302134,Crater located outside 5 miles range
M1260669909RC_pyr.tif,-6.694678,96.819558,-6.751760000000001,97.0823,18.47119714614636,Crater located outside 5 miles range
M1260669909RC_pyr.tif,-6.694647,96.759061,-6.751760000000001,97.0823,22.55009028943543,Crater located outside 5 miles range
M1260669909RC_pyr.tif,-6.693564,96.829047,-6.751760000000001,97.0823,17.851737032107604,Crater located outside 5 miles range
M1260669909RC_pyr.tif,-6.693192999999999,96.756704,-6.751760000000001,97.0823,22.727071118456657,Crater located outside 5 miles range
M1260669909RC_pyr.tif,-6.693008,96.814304,-6.751760000000001,97.0823,18.84833889174456,Crater located outside 5 miles range
M1260669909RC_pyr.tif,-6.692544,96.75157800000001,-6.751760000000001,97.0823,23.081572918672222,Crater located outside 5 miles range
M1260669909RC_pyr.tif,-6.6912139999999996,96.80067700000001,-6.751760000000001,97.0823,19.78936582358609,Crater located outside 5 miles range
M1260669909RC_pyr.tif,-6.691089999999999,96.803574,-6.751760000000001,97.0823,19.596652657234763,Crater located outside 5 miles range
M1260669909RC_pyr.tif,-6.69075,96.829301,-6.751760000000001,97.0823,17.87913228763269,Crater located outside 5 miles range
M1260669909RC_pyr.tif,-6.690627,96.79332099999999,-6.751760000000001,97.0823,20.292018953096537,Crater located outside 5 miles range
M1260669909RC_pyr.tif,-6.690410000000001,96.838981,-6.751760000000001,97.0823,17.239081615744208,Crater located outside 5 miles range
M1260669909RC_pyr.tif,-6.690378999999999,96.813413,-6.751760000000001,97.0823,18.947577212086532,Crater located outside 5 miles range
M1260669909RC_pyr.tif,-6.690316999999999,96.796283,-6.751760000000001,97.0823,20.097456993489196,Crater located outside 5 miles range
M1260669909RC_pyr.tif,-6.689823,96.75845600000001,-6.751760000000001,97.0823,22.65106816399989,Crater located outside 5 miles range
M1260669909RC_pyr.tif,-6.689266,96.819813,-6.751760000000001,97.0823,18.536786879487266,Crater located outside 5 miles range
M1260669909RC_pyr.tif,-6.689203999999999,96.810006,-6.751760000000001,97.0823,19.193774389768212,Crater located outside 5 miles range
M1260669909RC_pyr.tif,-6.6889259999999995,96.76724399999999,-6.751760000000001,97.0823,22.07038592849028,Crater located outside 5 miles range
M1260669909RC_pyr.tif,-6.687811999999999,96.783737,-6.751760000000001,97.0823,20.976332108302532,Crater located outside 5 miles range
M1260669909RC_pyr.tif,-6.687533999999999,96.760111,-6.751760000000001,97.0823,22.5696883762195,Crater located outside 5 miles range
M1260669909RC_pyr.tif,-6.687256,96.774503,-6.751760000000001,97.0823,21.604846641702984,Crater located outside 5 miles range
M1260669909RC_pyr.tif,-6.687225,96.794404,-6.751760000000001,97.0823,20.269163806640638,Crater located outside 5 miles range
M1260669909RC_pyr.tif,-6.686514,96.836975,-6.751760000000001,97.0823,17.43970520935071,Crater located outside 5 miles range
M1260669909RC_pyr.tif,-6.686266000000001,96.750973,-6.751760000000001,97.0823,23.20243514164602,Crater located outside 5 miles range
M1260669909RC_pyr.tif,-6.686081,96.83137099999999,-6.751760000000001,97.0823,17.819548265936014,Crater located outside 5 miles range
M1260669909RC_pyr.tif,-6.685524000000001,96.824239,-6.751760000000001,97.0823,18.30344358831561,Crater located outside 5 miles range
M1260669909RC_pyr.tif,-6.685091000000001,96.839236,-6.751760000000001,97.0823,17.315282367964464,Crater located outside 5 miles range
M1260669909RC_pyr.tif,-6.684750999999999,96.834046,-6.751760000000001,97.0823,17.6654566538892,Crater located outside 5 miles range
M1260669909RC_pyr.tif,-6.684535,96.818189,-6.751760000000001,97.0823,18.722971178194687,Crater located outside 5 miles range
M1260669909RC_pyr.tif,-6.684132000000001,96.836625,-6.751760000000001,97.0823,17.505722007722277,Crater located outside 5 miles range
M1260669909RC_pyr.tif,-6.683730000000001,96.833186,-6.751760000000001,97.0823,17.740877575108975,Crater located outside 5 miles range
M1260669909RC_pyr.tif,-6.683421000000001,96.786603,-6.751760000000001,97.0823,20.849821921855003,Crater located outside 5 miles range
M1260669909RC_pyr.tif,-6.6821839999999995,96.792907,-6.751760000000001,97.0823,20.447836682260416,Crater located outside 5 miles range
M1260669909RC_pyr.tif,-6.681813000000001,96.76648,-6.751760000000001,97.0823,22.222586179942013,Crater located outside 5 miles range
M1260669909RC_pyr.tif,-6.681597,96.834492,-6.751760000000001,97.0823,17.69375589253179,Crater located outside 5 miles range
M1260669909RC_pyr.tif,-6.681102,96.791952,-6.751760000000001,97.0823,20.529110809326973,Crater located outside 5 miles range
M1260669909RC_pyr.tif,-6.680978,96.82758199999999,-6.751760000000001,97.0823,18.162319450498426,Crater located outside 5 miles range
M1260669909RC_pyr.tif,-6.680267,96.82529,-6.751760000000001,97.0823,18.3271238033783,Crater located outside 5 miles range
M1260669909RC_pyr.tif,-6.680236,96.809751,-6.751760000000001,97.0823,19.35822829063273,Crater located outside 5 miles range
M1260669909RC_pyr.tif,-6.679618,96.768326,-6.751760000000001,97.0823,22.132130121326554,Crater located outside 5 miles range
M1260669909RC_pyr.tif,-6.679277000000001,96.790583,-6.751760000000001,97.0823,20.650428821599593,Crater located outside 5 miles range
M1260669909RC_pyr.tif,-6.679277000000001,96.804211,-6.751760000000001,97.0823,19.743127671212605,Crater located outside 5 miles range
M1260669909RC_pyr.tif,-6.678133,96.78638000000001,-6.751760000000001,97.0823,20.949632190566234,Crater located outside 5 miles range
M1260669909RC_pyr.tif,-6.677917,96.835288,-6.751760000000001,97.0823,17.71199122090325,Crater located outside 5 miles range
M1260669909RC_pyr.tif,-6.677391,96.807013,-6.751760000000001,97.0823,19.590362040002958,Crater located outside 5 miles range
M1260669909RC_pyr.tif,-6.676494,96.772593,-6.751760000000001,97.0823,21.896314407427386,Crater located outside 5 miles range
M1260669909RC_pyr.tif,-6.67535,96.805994,-6.751760000000001,97.0823,19.694915777491495,Crater located outside 5 miles range
M1260669909RC_pyr.tif,-6.674917,96.830161,-6.751760000000001,97.0823,18.108817253639245,Crater located outside 5 miles range
M1260669909RC_pyr.tif,-6.673896000000001,96.816565,-6.751760000000001,97.0823,19.023849180553732,Crater located outside 5 miles range
M1260669909RC_pyr.tif,-6.673649,96.839522,-6.751760000000001,97.0823,17.52118998090446,Crater located outside 5 miles range
M1260669909RC_pyr.tif,-6.673031,96.812203,-6.751760000000001,97.0823,19.328173108061264,Crater located outside 5 miles range
M1260669909RC_pyr.tif,-6.672041,96.811662,-6.751760000000001,97.0823,19.38299158595153,Crater located outside 5 miles range
M1260669909RC_pyr.tif,-6.671732,96.755717,-6.751760000000001,97.0823,23.1003216184761,Crater located outside 5 miles range
M1260669909RC_pyr.tif,-6.67167,96.771829,-6.751760000000001,97.0823,22.027894862719965,Crater located outside 5 miles range
M1260669909RC_pyr.tif,-6.671514999999999,96.812585,-6.751760000000001,97.0823,19.332463269171086,Crater located outside 5 miles range
M1260669909RC_pyr.tif,-6.671237,96.81111999999999,-6.751760000000001,97.0823,19.434384292904696,Crater located outside 5 miles range
M1260669909RC_pyr.tif,-6.670897,96.760334,-6.751760000000001,97.0823,22.806309168910737,Crater located outside 5 miles range
M1233757731LC_pyr.tif,-2.192344,75.541139,-2.1600099999999998,75.4156,8.95728412744334,Crater located outside 5 miles range
M1233757731LC_pyr.tif,-2.1887209999999997,75.564565,-2.14859,75.6742,8.064187720523869,Crater located outside 5 miles range
M1233757731LC_pyr.tif,-2.163154,75.581252,-2.14859,75.6742,6.502221887820149,Crater located outside 5 miles range
M1233757731LC_pyr.tif,-2.1576169999999997,75.52612099999999,-2.1600099999999998,75.4156,7.641197221298946,Crater located outside 5 miles range
M1233757731LC_pyr.tif,-2.1453130000000002,75.612122,-2.14859,75.6742,4.296889392637089,Crater located within 4 to 5 miles range
M1233757731LC_pyr.tif,-2.143262,75.615716,-2.14859,75.6742,4.059104181536445,Crater located within 4 to 5 miles range
M1233757731LC_pyr.tif,-2.1386819999999997,75.57265100000001,-2.14859,75.6742,7.052269708002794,Crater located outside 5 miles range
M1233757731LC_pyr.tif,-2.130889,75.624059,-2.14859,75.6742,3.6730837421963227,Crater located within 3 to 4 miles range
M1233757731LC_pyr.tif,-2.128428,75.574256,-2.14859,75.6742,7.045940769733071,Crater located outside 5 miles range
M1233757731LC_pyr.tif,-2.123164,75.565977,-2.14859,75.6742,7.6819782803332854,Crater located outside 5 miles range
M1233757731LC_pyr.tif,-2.105938,75.658652,-2.14859,75.6742,3.121414314609456,Crater located within 3 to 4 miles range
M1233757731LC_pyr.tif,-2.105322,75.562062,-2.14859,75.6742,8.30190326071527,Crater located outside 5 miles range
M1233757731LC_pyr.tif,-2.103887,75.657048,-2.14859,75.6742,3.2923634293118758,Crater located within 3 to 4 miles range
M1233757731LC_pyr.tif,-2.102314,75.58292,-2.14859,75.6742,7.065444961623524,Crater located outside 5 miles range
M1233757731LC_pyr.tif,-2.100674,75.576502,-2.14859,75.6742,7.512983984961108,Crater located outside 5 miles range
M1233757731LC_pyr.tif,-2.097666,75.549418,-2.14859,75.6742,9.308035631673437,Crater located outside 5 miles range
M1233757731LC_pyr.tif,-2.097598,75.556221,-2.14859,75.6742,8.875880608171686,Crater located outside 5 miles range
M1233757731LC_pyr.tif,-2.097324,75.626113,-2.14859,75.6742,4.843141845588144,Crater located within 4 to 5 miles range
M1233757731LC_pyr.tif,-2.0955470000000003,75.565784,-2.14859,75.6742,8.333310469026253,Crater located outside 5 miles range
M1233757731LC_pyr.tif,-2.0941799999999997,75.645239,-2.14859,75.6742,4.24069139418697,Crater located within 4 to 5 miles range
M1233757731LC_pyr.tif,-2.086592,75.644661,-2.14859,75.6742,4.723876509151673,Crater located within 4 to 5 miles range
M1233757731LC_pyr.tif,-2.070869,75.635098,-2.14859,75.6742,5.9851742498844525,Crater located outside 5 miles range
M1233757731LC_pyr.tif,-2.065674,75.630542,-2.14859,75.6742,6.446981655638571,Crater located outside 5 miles range
M1233757731LC_pyr.tif,-2.063486,75.557505,-2.14859,75.6742,9.962911743979447,Crater located outside 5 miles range
M1233757731LC_pyr.tif,-2.059727,75.527405,-2.1600099999999998,75.4156,10.353977111059335,Crater located outside 5 miles range
M1233757731LC_pyr.tif,-2.048311,75.607052,-2.14859,75.6742,8.307633767215062,Crater located outside 5 miles range
M1233757731LC_pyr.tif,-2.0435939999999997,75.617513,-2.14859,75.6742,8.209633037375474,Crater located outside 5 miles range
M1233757731LC_pyr.tif,-2.02999,75.591392,-2.14859,75.6742,9.958361186357443,Crater located outside 5 miles range
M1233757731LC_pyr.tif,-2.024795,75.58760500000001,-2.14859,75.6742,10.400922414844386,Crater located outside 5 miles range
M1233757731LC_pyr.tif,-2.020898,75.60358599999999,-2.14859,75.6742,10.039977295312436,Crater located outside 5 miles range
M1233757731LC_pyr.tif,-2.018232,75.570277,-2.14859,75.6742,11.481653557600167,Crater located outside 5 miles range
M1233757731LC_pyr.tif,-2.0051069999999998,75.608528,-2.14859,75.6742,10.853495863816411,Crater located outside 5 miles range
M1233799944LC_pyr.tif,-1.609336,69.085824,-1.60559,69.2199,9.274081046794528,Crater located outside 5 miles range
M1233799944RC_pyr.tif,-1.609291,69.221769,-1.60559,69.2199,0.2852423887077231,Exact Match
M1233799944LC_pyr.tif,-1.609004,69.082038,-1.60559,69.2199,9.535173315262709,Crater located outside 5 miles range
M1233799944LC_pyr.tif,-1.608871,69.078636,-1.60559,69.2199,9.77011587309155,Crater located outside 5 miles range
M1233799944LC_pyr.tif,-1.6088049999999998,69.073887,-1.60559,69.2199,10.098294645235743,Crater located outside 5 miles range
M1233799944LC_pyr.tif,-1.608539,69.064709,-1.60559,69.2199,10.732392700295579,Crater located outside 5 miles range
M1233799944LC_pyr.tif,-1.608473,69.095772,-1.60559,69.2199,8.584954841583231,Crater located outside 5 miles range
M1233799944RC_pyr.tif,-1.6083889999999998,69.225427,-1.60559,69.2199,0.4278188182779568,Exact Match
M1233799944RC_pyr.tif,-1.6083889999999998,69.24795400000001,-1.60559,69.2199,1.9492674557748482,Crater located within 1 to 2 miles range
M1233799944LC_pyr.tif,-1.607809,69.09474499999999,-1.60559,69.2199,8.655024212948495,Crater located outside 5 miles range
M1233799944LC_pyr.tif,-1.607477,69.046931,-1.60559,69.2199,11.960422380050492,Crater located outside 5 miles range
M1233799944RC_pyr.tif,-1.607422,69.196675,-1.60559,69.2199,1.6107885137910347,Crater located within 1 to 2 miles range
M1233799944LC_pyr.tif,-1.60741,69.05591700000001,-1.60559,69.2199,11.339083926523656,Crater located outside 5 miles range
M1233799944RC_pyr.tif,-1.607164,69.214709,-1.60559,69.2199,0.3748638628569761,Exact Match
M1233799944RC_pyr.tif,-1.607164,69.23357800000001,-1.60559,69.2199,0.9519110704402602,Crater located withn 0.5 to 1 miles range
M1233799944LC_pyr.tif,-1.607145,69.09801800000001,-1.60559,69.2199,8.428052465460501,Crater located outside 5 miles range
M1233799944LC_pyr.tif,-1.607078,69.05546700000001,-1.60559,69.2199,11.369969634557382,Crater located outside 5 miles range
M1233799944LC_pyr.tif,-1.606945,69.069009,-1.60559,69.2199,10.43358137143273,Crater located outside 5 miles range
M1233799944LC_pyr.tif,-1.6068790000000002,69.089996,-1.60559,69.2199,8.982483381453223,Crater located outside 5 miles range
M1233799944RC_pyr.tif,-1.6067129999999998,69.224336,-1.60559,69.2199,0.3162778728028556,Exact Match
M1233799944RC_pyr.tif,-1.6067129999999998,69.24192099999999,-1.60559,69.2199,1.524567874078228,Crater located within 1 to 2 miles range
M1233799944RC_pyr.tif,-1.606262,69.237172,-1.60559,69.2199,1.1951428503118378,Crater located within 1 to 2 miles range
M1233799944LC_pyr.tif,-1.606082,69.07176899999999,-1.60559,69.2199,10.242387244870507,Crater located outside 5 miles range
M1233799944RC_pyr.tif,-1.606068,69.21464499999999,-1.60559,69.2199,0.3648316252408532,Exact Match
M1233799944RC_pyr.tif,-1.605746,69.220678,-1.60559,69.2199,0.05485127606655234,Exact Match
M1233799944LC_pyr.tif,-1.605617,69.091986,-1.60559,69.2199,8.84445364770476,Crater located outside 5 miles range
M1233799944RC_pyr.tif,-1.605617,69.236209,-1.60559,69.2199,1.1276669213555466,Crater located within 1 to 2 miles range
M1233799944RC_pyr.tif,-1.605488,69.232487,-1.60559,69.2199,0.8703406071776232,Crater located withn 0.5 to 1 miles range
M1233799944LC_pyr.tif,-1.6053520000000001,69.04937,-1.60559,69.2199,11.791095538733554,Crater located outside 5 miles range
M1233799944RC_pyr.tif,-1.604908,69.22793,-1.60559,69.2199,0.5571982560191793,Crater located withn 0.5 to 1 miles range
M1233799944LC_pyr.tif,-1.6048870000000002,69.049049,-1.60559,69.2199,11.813379425925612,Crater located outside 5 miles range
M1233799944LC_pyr.tif,-1.604688,69.059446,-1.60559,69.2199,11.094566632551345,Crater located outside 5 miles range
M1233799944RC_pyr.tif,-1.6045209999999999,69.233,-1.60559,69.2199,0.9087564247074459,Crater located withn 0.5 to 1 miles range
M1233799944RC_pyr.tif,-1.604457,69.220999,-1.60559,69.2199,0.10878598592379941,Exact Match
M1233799944LC_pyr.tif,-1.604422,69.073759,-1.60559,69.2199,10.105058160741933,Crater located outside 5 miles range
M1233799944LC_pyr.tif,-1.604422,69.079406,-1.60559,69.2199,9.714616107614646,Crater located outside 5 miles range
M1233799944RC_pyr.tif,-1.604393,69.21124300000001,-1.60559,69.2199,0.6042012787680882,Crater located withn 0.5 to 1 miles range
M1233799944RC_pyr.tif,-1.604264,69.236659,-1.60559,69.2199,1.1623565129117053,Crater located within 1 to 2 miles range
M1233799944RC_pyr.tif,-1.604199,69.227866,-1.60559,69.2199,0.5590295880088777,Crater located withn 0.5 to 1 miles range
M1233799944RC_pyr.tif,-1.604199,69.229791,-1.60559,69.2199,0.6905467915616227,Crater located withn 0.5 to 1 miles range
M1233799944LC_pyr.tif,-1.604023,69.09513000000001,-1.60559,69.2199,8.627740655829244,Crater located outside 5 miles range
M1233799944LC_pyr.tif,-1.603957,69.06804699999999,-1.60559,69.2199,10.50028935727652,Crater located outside 5 miles range
M1233799944RC_pyr.tif,-1.603877,69.239675,-1.60559,69.2199,1.3723744746316333,Crater located within 1 to 2 miles range
M1233799944LC_pyr.tif,-1.603691,69.09789,-1.60559,69.2199,8.437241641962656,Crater located outside 5 miles range
M1233799944RC_pyr.tif,-1.6035549999999998,69.246735,-1.60559,69.2199,1.8607341536140372,Crater located within 1 to 2 miles range
M1233799944RC_pyr.tif,-1.6034899999999999,69.21933,-1.60559,69.2199,0.1495730945114338,Exact Match
M1233799944RC_pyr.tif,-1.603426,69.216442,-1.60559,69.2199,0.2815591105815286,Exact Match
M1233799944RC_pyr.tif,-1.603361,69.244617,-1.60559,69.2199,1.7158753713597004,Crater located within 1 to 2 miles range
M1233799944RC_pyr.tif,-1.603232,69.20617299999999,-1.60559,69.2199,0.9628650801422203,Crater located withn 0.5 to 1 miles range
M1233799944LC_pyr.tif,-1.6031600000000001,69.054633,-1.60559,69.2199,11.428406366189593,Crater located outside 5 miles range
M1233799944RC_pyr.tif,-1.6030389999999999,69.211372,-1.60559,69.2199,0.6151569402051147,Crater located withn 0.5 to 1 miles range
M1233799944RC_pyr.tif,-1.60291,69.224593,-1.60559,69.2199,0.37309750620388055,Exact Match
M1233799944RC_pyr.tif,-1.602781,69.23948299999999,-1.60559,69.2199,1.3677287251269534,Crater located within 1 to 2 miles range
M1233799944RC_pyr.tif,-1.602652,69.19115500000001,-1.60559,69.2199,1.9977633968364692,Crater located within 1 to 2 miles range
M1233799944LC_pyr.tif,-1.602629,69.045455,-1.60559,69.2199,12.063505588574634,Crater located outside 5 miles range
M1233799944LC_pyr.tif,-1.602629,69.07189699999999,-1.60559,69.2199,10.235511718206547,Crater located outside 5 miles range
M1233799944LC_pyr.tif,-1.6022969999999999,69.070164,-1.60559,69.2199,10.355788627994139,Crater located outside 5 miles range
M1233799944RC_pyr.tif,-1.602266,69.214324,-1.60559,69.2199,0.44811361638081215,Exact Match
M1233799944LC_pyr.tif,-1.602098,69.083,-1.60559,69.2199,9.468827514889064,Crater located outside 5 miles range
M1233799944LC_pyr.tif,-1.601898,69.09660600000001,-1.60559,69.2199,8.528790314712179,Crater located outside 5 miles range
M1233799944LC_pyr.tif,-1.601832,69.080497,-1.60559,69.2199,9.642312618659032,Crater located outside 5 miles range
M1233799944RC_pyr.tif,-1.6018139999999998,69.230754,-1.60559,69.2199,0.7940660568037666,Crater located withn 0.5 to 1 miles range
M1233799944LC_pyr.tif,-1.601766,69.077609,-1.60559,69.2199,9.842049963202982,Crater located outside 5 miles range
M1233799944LC_pyr.tif,-1.601633,69.076197,-1.60559,69.2199,9.939892647063502,Crater located outside 5 miles range
M1233799944LC_pyr.tif,-1.601566,69.082551,-1.60559,69.2199,9.500857823189282,Crater located outside 5 miles range
M1233799944RC_pyr.tif,-1.601557,69.216249,-1.60559,69.2199,0.37485002011468577,Exact Match
M1233799944RC_pyr.tif,-1.601557,69.22446500000001,-1.60559,69.2199,0.42001678288672156,Exact Match
M1233799944RC_pyr.tif,-1.601557,69.224914,-1.60559,69.2199,0.44382031263666305,Exact Match
M1233799944LC_pyr.tif,-1.6015,69.052387,-1.60559,69.2199,11.585896865226742,Crater located outside 5 miles range
M1233799944LC_pyr.tif,-1.6015,69.063875,-1.60559,69.2199,10.7918235741834,Crater located outside 5 miles range
M1233799944RC_pyr.tif,-1.601428,69.192888,-1.60559,69.2199,1.8894778113800892,Crater located within 1 to 2 miles range
M1233799944RC_pyr.tif,-1.601428,69.232423,-1.60559,69.2199,0.9118866528134716,Crater located withn 0.5 to 1 miles range
M1233799944RC_pyr.tif,-1.601428,69.233642,-1.60559,69.2199,0.9922733876008341,Crater located withn 0.5 to 1 miles range
M1233799944RC_pyr.tif,-1.601428,69.24622099999999,-1.60559,69.2199,1.842263984963029,Crater located within 1 to 2 miles range
M1233799944LC_pyr.tif,-1.601301,69.070806,-1.60559,69.2199,10.313139963380243,Crater located outside 5 miles range
M1233799944RC_pyr.tif,-1.601041,69.226647,-1.60559,69.2199,0.5615376429925616,Crater located withn 0.5 to 1 miles range
M1233799944RC_pyr.tif,-1.600977,69.22940600000001,-1.60559,69.2199,0.7297098826148988,Crater located withn 0.5 to 1 miles range
M1233799944LC_pyr.tif,-1.60077,69.07170500000001,-1.60559,69.2199,10.252120207833293,Crater located outside 5 miles range
M1233799944RC_pyr.tif,-1.600719,69.202836,-1.60559,69.2199,1.2264188302437788,Crater located within 1 to 2 miles range
M1233799944LC_pyr.tif,-1.600703,69.06759699999999,-1.60559,69.2199,10.536164694755255,Crater located outside 5 miles range
M1233799944LC_pyr.tif,-1.60057,69.09628599999999,-1.60559,69.2199,8.554102402474062,Crater located outside 5 miles range
M1233799944RC_pyr.tif,-1.6004610000000001,69.214196,-1.60559,69.2199,0.5289020836404216,Crater located withn 0.5 to 1 miles range
M1233799944RC_pyr.tif,-1.6003319999999999,69.217597,-1.60559,69.2199,0.3948052949294218,Exact Match
M1233799944LC_pyr.tif,-1.6002379999999998,69.074529,-1.60559,69.2199,10.058233229882104,Crater located outside 5 miles range
M1233799944RC_pyr.tif,-1.600139,69.2416,-1.60559,69.2199,1.5464591017447764,Crater located within 1 to 2 miles range
M1233799944LC_pyr.tif,-1.5999729999999999,69.062655,-1.60559,69.2199,10.8793710861348,Crater located outside 5 miles range
M1233799944RC_pyr.tif,-1.599816,69.214517,-1.60559,69.2199,0.5439867052099785,Crater located withn 0.5 to 1 miles range
M1233799944LC_pyr.tif,-1.599773,69.080048,-1.60559,69.2199,9.678161391780222,Crater located outside 5 miles range
M1233799944RC_pyr.tif,-1.599688,69.191284,-1.60559,69.2199,2.019747909635858,Crater located within 2 to 3 miles range
M1233799944RC_pyr.tif,-1.599559,69.208034,-1.60559,69.2199,0.9191660686338947,Crater located withn 0.5 to 1 miles range
M1233799944LC_pyr.tif,-1.599508,69.045199,-1.60559,69.2199,12.08672597752816,Crater located outside 5 miles range
M1233799944LC_pyr.tif,-1.599375,69.063361,-1.60559,69.2199,10.832129889869961,Crater located outside 5 miles range
M1233799944RC_pyr.tif,-1.599365,69.22850799999999,-1.60559,69.2199,0.7329298263139544,Crater located withn 0.5 to 1 miles range
M1233799944RC_pyr.tif,-1.599365,69.229535,-1.60559,69.2199,0.7916807804559605,Crater located withn 0.5 to 1 miles range
M1233799944RC_pyr.tif,-1.599236,69.244938,-1.60559,69.2199,1.7854218327386293,Crater located within 1 to 2 miles range
M1233799944RC_pyr.tif,-1.59885,69.241472,-1.60559,69.2199,1.5618068548412936,Crater located within 1 to 2 miles range
M1233799944RC_pyr.tif,-1.5987850000000001,69.194878,-1.60559,69.2199,1.7921827940493633,Crater located within 1 to 2 miles range
M1233799944LC_pyr.tif,-1.598645,69.045905,-1.60559,69.2199,12.040146432932435,Crater located outside 5 miles range
M1233799944LC_pyr.tif,-1.598645,69.06779,-1.60559,69.2199,10.528292630188467,Crater located outside 5 miles range
M1233799944LC_pyr.tif,-1.598578,69.08608100000001,-1.60559,69.2199,9.265297548395228,Crater located outside 5 miles range
M1233799944RC_pyr.tif,-1.598463,69.213297,-1.60559,69.2199,0.6695028739350991,Crater located withn 0.5 to 1 miles range
M1233799944LC_pyr.tif,-1.5984450000000001,69.081011,-1.60559,69.2199,9.615862491773063,Crater located outside 5 miles range
M1233799944RC_pyr.tif,-1.598334,69.205403,-1.60559,69.2199,1.1195141452652349,Crater located within 1 to 2 miles range
M1233799944LC_pyr.tif,-1.5983129999999999,69.04629,-1.60559,69.2199,12.014475650013027,Crater located outside 5 miles range
M1233799944RC_pyr.tif,-1.5982049999999999,69.209575,-1.60559,69.2199,0.8758614137413946,Crater located withn 0.5 to 1 miles range
M1233799944RC_pyr.tif,-1.5982049999999999,69.21945799999999,-1.60559,69.2199,0.5083296592877575,Crater located withn 0.5 to 1 miles range
M1233799944RC_pyr.tif,-1.598076,69.201488,-1.60559,69.2199,1.373777065173618,Crater located within 1 to 2 miles range
M1233799944RC_pyr.tif,-1.598076,69.20739300000001,-1.60559,69.2199,1.0071678034753135,Crater located within 1 to 2 miles range
M1233799944LC_pyr.tif,-1.598047,69.056045,-1.60559,69.2199,11.341417451868105,Crater located outside 5 miles range
M1233799944RC_pyr.tif,-1.598012,69.202772,-1.60559,69.2199,1.2936985114769712,Crater located within 1 to 2 miles range
M1233799944RC_pyr.tif,-1.598012,69.239547,-1.60559,69.2199,1.4548326731992702,Crater located within 1 to 2 miles range
M1233799944LC_pyr.tif,-1.5979139999999998,69.09423199999999,-1.60559,69.2199,8.705163966642804,Crater located outside 5 miles range
M1233799944RC_pyr.tif,-1.597238,69.200012,-1.60559,69.2199,1.4900662807104015,Crater located within 1 to 2 miles range
M1233799944LC_pyr.tif,-1.597117,69.06881700000001,-1.60559,69.2199,10.462675470922479,Crater located outside 5 miles range
M1233799944LC_pyr.tif,-1.596984,69.088071,-1.60559,69.2199,9.134329144002933,Crater located outside 5 miles range
M1233799944LC_pyr.tif,-1.596918,69.080176,-1.60559,69.2199,9.679417950310754,Crater located outside 5 miles range
M1233799944RC_pyr.tif,-1.596658,69.21933,-1.60559,69.2199,0.6149659370685563,Crater located withn 0.5 to 1 miles range
M1233799944RC_pyr.tif,-1.596594,69.200975,-1.60559,69.2199,1.4471852305517887,Crater located within 1 to 2 miles range
M1233799944LC_pyr.tif,-1.596387,69.090638,-1.60559,69.2199,8.960019012776186,Crater located outside 5 miles range
M1233799944RC_pyr.tif,-1.596143,69.203991,-1.60559,69.2199,1.2772376990305925,Crater located within 1 to 2 miles range
M1233799944LC_pyr.tif,-1.595656,69.08563199999999,-1.60559,69.2199,9.308871926453978,Crater located outside 5 miles range
M1233799944LC_pyr.tif,-1.595523,69.059382,-1.60559,69.2199,11.120375603155239,Crater located outside 5 miles range
M1233799944LC_pyr.tif,-1.595457,69.045006,-1.60559,69.2199,12.112881662422545,Crater located outside 5 miles range
M1233799944LC_pyr.tif,-1.595457,69.092499,-1.60559,69.2199,8.836474487458027,Crater located outside 5 miles range
M1233799944RC_pyr.tif,-1.595176,69.20315699999999,-1.60559,69.2199,1.3609535823838455,Crater located within 1 to 2 miles range
M1233799944LC_pyr.tif,-1.595059,69.050718,-1.60559,69.2199,11.720264093262001,Crater located outside 5 miles range
M1233799944RC_pyr.tif,-1.5950469999999999,69.215672,-1.60559,69.2199,0.7811560464228359,Crater located withn 0.5 to 1 miles range
M1233799944LC_pyr.tif,-1.594859,69.064966,-1.60559,69.2199,10.738088211466657,Crater located outside 5 miles range
M1233799944RC_pyr.tif,-1.594789,69.225042,-1.60559,69.2199,0.8228885065252929,Crater located withn 0.5 to 1 miles range
M1233799944RC_pyr.tif,-1.59466,69.233065,-1.60559,69.2199,1.180076888470098,Crater located within 1 to 2 miles range
M1233799944LC_pyr.tif,-1.594527,69.056045,-1.60559,69.2199,11.355049520257243,Crater located outside 5 miles range
M1233799944RC_pyr.tif,-1.5943379999999998,69.19243900000001,-1.60559,69.2199,2.0501187374926046,Crater located within 2 to 3 miles range
M1233799944LC_pyr.tif,-1.594328,69.0529,-1.60559,69.2199,11.572935292734917,Crater located outside 5 miles range
M1233799944LC_pyr.tif,-1.594262,69.07157600000001,-1.60559,69.2199,10.285197586306271,Crater located outside 5 miles range
M1233799944RC_pyr.tif,-1.594209,69.231909,-1.60559,69.2199,1.140593939968193,Crater located within 1 to 2 miles range
M1233799944LC_pyr.tif,-1.594195,69.057008,-1.60559,69.2199,11.290173976511689,Crater located outside 5 miles range
M1233799944LC_pyr.tif,-1.594063,69.05848399999999,-1.60559,69.2199,11.189004113964172,Crater located outside 5 miles range
M1233799944LC_pyr.tif,-1.593863,69.070999,-1.60559,69.2199,10.327083442119243,Crater located outside 5 miles range
M1233799944RC_pyr.tif,-1.5938219999999998,69.211372,-1.60559,69.2199,1.0007321063254813,Crater located within 1 to 2 miles range
M1233799944RC_pyr.tif,-1.5938219999999998,69.22318100000001,-1.60559,69.2199,0.8397811499170588,Crater located withn 0.5 to 1 miles range
M1233799944RC_pyr.tif,-1.5938219999999998,69.230626,-1.60559,69.2199,1.0971751048198795,Crater located within 1 to 2 miles range
M1233799944LC_pyr.tif,-1.593797,69.043337,-1.60559,69.2199,12.23512255611349,Crater located outside 5 miles range
M1233799944LC_pyr.tif,-1.5935979999999998,69.0873,-1.60559,69.2199,9.205436415006412,Crater located outside 5 miles range
M1233799944RC_pyr.tif,-1.593564,69.19077,-1.60559,69.2199,2.1770623447640713,Crater located within 2 to 3 miles range
M1233799944RC_pyr.tif,-1.5935,69.24506600000001,-1.60559,69.2199,1.9281856326584712,Crater located within 1 to 2 miles range
M1233799944LC_pyr.tif,-1.593199,69.079663,-1.60559,69.2199,9.733844457486345,Crater located outside 5 miles range
M1233799944LC_pyr.tif,-1.593133,69.07741700000001,-1.60559,69.2199,9.88894757149533,Crater located outside 5 miles range
M1233799944RC_pyr.tif,-1.593113,69.19115500000001,-1.60559,69.2199,2.1645422777060404,Crater located within 2 to 3 miles range
M1233799944LC_pyr.tif,-1.592934,69.060858,-1.60559,69.2199,11.031120929508871,Crater located outside 5 miles range
M1233799944LC_pyr.tif,-1.592734,69.06554399999999,-1.60559,69.2199,10.709276233764552,Crater located outside 5 miles range
M1233799944LC_pyr.tif,-1.5924690000000001,69.071448,-1.60559,69.2199,10.304073975233285,Crater located outside 5 miles range
M1233799944LC_pyr.tif,-1.592402,69.070036,-1.60559,69.2199,10.40173455078543,Crater located outside 5 miles range
M1233799944RC_pyr.tif,-1.592082,69.217469,-1.60559,69.2199,0.9432088486457004,Crater located withn 0.5 to 1 miles range
M1233799944LC_pyr.tif,-1.59207,69.087621,-1.60559,69.2199,9.193348112087884,Crater located outside 5 miles range
M1233799944LC_pyr.tif,-1.5918709999999998,69.08223000000001,-1.60559,69.2199,9.565607787623318,Crater located outside 5 miles range
M1233799944RC_pyr.tif,-1.591695,69.231974,-1.60559,69.2199,1.2682343376513492,Crater located within 1 to 2 miles range
M1233799944RC_pyr.tif,-1.591631,69.20059,-1.60559,69.2199,1.6439429582384049,Crater located within 1 to 2 miles range
M1233799944LC_pyr.tif,-1.591473,69.079856,-1.60559,69.2199,9.731658562818874,Crater located outside 5 miles range
M1233799944LC_pyr.tif,-1.591141,69.051937,-1.60559,69.2199,11.655987050863807,Crater located outside 5 miles range
M1233799944RC_pyr.tif,-1.590986,69.2373,-1.60559,69.2199,1.5666217694485172,Crater located within 1 to 2 miles range
M1233799944RC_pyr.tif,-1.590857,69.215864,-1.60559,69.2199,1.0500400580454667,Crater located within 1 to 2 miles range
M1233799944RC_pyr.tif,-1.590729,69.234348,-1.60559,69.2199,1.4284870814668733,Crater located within 1 to 2 miles range
M1233799944LC_pyr.tif,-1.590543,69.085953,-1.60559,69.2199,9.319156015901205,Crater located outside 5 miles range
M1233799944LC_pyr.tif,-1.590277,69.077096,-1.60559,69.2199,9.92993714977831,Crater located outside 5 miles range
M1233799944LC_pyr.tif,-1.590012,69.078508,-1.60559,69.2199,9.834826359561916,Crater located outside 5 miles range
M1233799944RC_pyr.tif,-1.5897620000000001,69.203221,-1.60559,69.2199,1.5851429219315392,Crater located within 1 to 2 miles range
M1233799944RC_pyr.tif,-1.5897620000000001,69.21413199999999,-1.60559,69.2199,1.1583372139635173,Crater located within 1 to 2 miles range
M1233799944LC_pyr.tif,-1.589547,69.052515,-1.60559,69.2199,11.626044182543211,Crater located outside 5 miles range
M1233799944LC_pyr.tif,-1.58948,69.046611,-1.60559,69.2199,12.032916526367497,Crater located outside 5 miles range
M1233799944LC_pyr.tif,-1.589348,69.077866,-1.60559,69.2199,9.884002893111571,Crater located outside 5 miles range
M1233799944LC_pyr.tif,-1.589281,69.059639,-1.60559,69.2199,11.137603770702526,Crater located outside 5 miles range
M1233799944LC_pyr.tif,-1.589215,69.09930200000001,-1.60559,69.2199,8.414190892445683,Crater located outside 5 miles range
M1233799944LC_pyr.tif,-1.589148,69.058548,-1.60559,69.2199,11.213576982654324,Crater located outside 5 miles range
M1233799944LC_pyr.tif,-1.5890819999999999,69.079599,-1.60559,69.2199,9.767058038014923,Crater located outside 5 miles range
M1233799944LC_pyr.tif,-1.588816,69.06695500000001,-1.60559,69.2199,10.637849839759198,Crater located outside 5 miles range
M1233799944RC_pyr.tif,-1.5887950000000002,69.198536,-1.60559,69.2199,1.8744892361960912,Crater located within 1 to 2 miles range
M1233799944LC_pyr.tif,-1.58875,69.099366,-1.60559,69.2199,8.414140237497444,Crater located outside 5 miles range
M1233799944RC_pyr.tif,-1.58873,69.205211,-1.60559,69.2199,1.5406155201068097,Crater located within 1 to 2 miles range
M1233799944RC_pyr.tif,-1.58873,69.20566,-1.60559,69.2199,1.5203277707032565,Crater located within 1 to 2 miles range
M1233799944LC_pyr.tif,-1.588684,69.068432,-1.60559,69.2199,10.537327295431362,Crater located outside 5 miles range
M1233799944LC_pyr.tif,-1.588684,69.083,-1.60559,69.2199,9.536822341833938,Crater located outside 5 miles range
M1233799944LC_pyr.tif,-1.588551,69.062784,-1.60559,69.2199,10.92653324629932,Crater located outside 5 miles range
M1233799944RC_pyr.tif,-1.588537,69.196546,-1.60559,69.2199,1.995089590014717,Crater located within 1 to 2 miles range
M1233799944LC_pyr.tif,-1.588484,69.089354,-1.60559,69.2199,9.102674031569752,Crater located outside 5 miles range
M1233799944LC_pyr.tif,-1.588285,69.088327,-1.60559,69.2199,9.17485744665615,Crater located outside 5 miles range
M1233799944LC_pyr.tif,-1.588086,69.05354200000001,-1.60559,69.2199,11.565366525050909,Crater located outside 5 miles range
M1233799944RC_pyr.tif,-1.588021,69.20983199999999,-1.60559,69.2199,1.393480391921326,Crater located within 1 to 2 miles range
M1233799944RC_pyr.tif,-1.587957,69.201617,-1.60559,69.2199,1.75097435314285,Crater located within 1 to 2 miles range
M1233799944LC_pyr.tif,-1.5879530000000002,69.053157,-1.60559,69.2199,11.592795017720258,Crater located outside 5 miles range
M1233799944RC_pyr.tif,-1.587828,69.19154,-1.60559,69.2199,2.309673518457119,Crater located within 2 to 3 miles range
M1233799944RC_pyr.tif,-1.587699,69.233514,-1.60559,69.2199,1.548280699212082,Crater located within 1 to 2 miles range
M1233799944LC_pyr.tif,-1.5874219999999999,69.07953499999999,-1.60559,69.2199,9.785352115544876,Crater located outside 5 miles range
M1233799944RC_pyr.tif,-1.587313,69.236851,-1.60559,69.2199,1.717763011325013,Crater located within 1 to 2 miles range
M1233799944LC_pyr.tif,-1.587289,69.064838,-1.60559,69.2199,10.795099180838136,Crater located outside 5 miles range
M1233799944RC_pyr.tif,-1.587248,69.22086999999999,-1.60559,69.2199,1.2620293467060946,Crater located within 1 to 2 miles range
M1233799944RC_pyr.tif,-1.5870549999999999,69.221769,-1.60559,69.2199,1.2800466656297989,Crater located within 1 to 2 miles range
M1233799944RC_pyr.tif,-1.586926,69.219266,-1.60559,69.2199,1.2831190003788906,Crater located within 1 to 2 miles range
M1233799944LC_pyr.tif,-1.586891,69.093141,-1.60559,69.2199,8.858296832207415,Crater located outside 5 miles range
M1233799944RC_pyr.tif,-1.586861,69.247312,-1.60559,69.2199,2.2909388770630623,Crater located within 2 to 3 miles range
M1233799944RC_pyr.tif,-1.586797,69.205275,-1.60559,69.2199,1.6400833628506808,Crater located within 1 to 2 miles range
M1233799944RC_pyr.tif,-1.586732,69.21015200000001,-1.60559,69.2199,1.46052551438834,Crater located within 1 to 2 miles range
M1233799944LC_pyr.tif,-1.586691,69.044942,-1.60559,69.2199,12.166798689562803,Crater located outside 5 miles range
M1233799944RC_pyr.tif,-1.586539,69.212976,-1.60559,69.2199,1.3937651335726378,Crater located within 1 to 2 miles range
M1233799944RC_pyr.tif,-1.5863459999999998,69.20841999999999,-1.60559,69.2199,1.5421882574106025,Crater located within 1 to 2 miles range
M1233799944LC_pyr.tif,-1.586293,69.053414,-1.60559,69.2199,11.58762280592018,Crater located outside 5 miles range
M1233799944LC_pyr.tif,-1.5860940000000001,69.052387,-1.60559,69.2199,11.659733689959284,Crater located outside 5 miles range
M1233799944LC_pyr.tif,-1.5856290000000002,69.095066,-1.60559,69.2199,8.739812477830453,Crater located outside 5 miles range
M1233799944RC_pyr.tif,-1.585379,69.232423,-1.60559,69.2199,1.6365050383373574,Crater located within 1 to 2 miles range
M1233799944LC_pyr.tif,-1.5853629999999999,69.090124,-1.60559,69.2199,9.080227239013503,Crater located outside 5 miles range
M1233799944LC_pyr.tif,-1.585164,69.091472,-1.60559,69.2199,8.990255197651987,Crater located outside 5 miles range
M1233799944RC_pyr.tif,-1.585121,69.227802,-1.60559,69.2199,1.5087926528021043,Crater located within 1 to 2 miles range
M1233799944RC_pyr.tif,-1.584992,69.21226999999999,-1.60559,69.2199,1.510386234982894,Crater located within 1 to 2 miles range
M1233799944RC_pyr.tif,-1.584992,69.220614,-1.60559,69.2199,1.416112409951556,Crater located within 1 to 2 miles range
M1233799944LC_pyr.tif,-1.584965,69.078251,-1.60559,69.2199,9.896180271320947,Crater located outside 5 miles range
M1233799944LC_pyr.tif,-1.584898,69.08653000000001,-1.60559,69.2199,9.330696404935821,Crater located outside 5 miles range
M1233799944RC_pyr.tif,-1.584734,69.195776,-1.60559,69.2199,2.19903576800122,Crater located within 2 to 3 miles range
M1233799944RC_pyr.tif,-1.5846049999999998,69.19256700000001,-1.60559,69.2199,2.377117727161682,Crater located within 2 to 3 miles range
M1233799944RC_pyr.tif,-1.5846049999999998,69.24429599999999,-1.60559,69.2199,2.2190842179717607,Crater located within 2 to 3 miles range
M1233799944RC_pyr.tif,-1.584541,69.202515,-1.60559,69.2199,1.880579691419267,Crater located within 1 to 2 miles range
M1233799944RC_pyr.tif,-1.584541,69.231909,-1.60559,69.2199,1.667660290964027,Crater located within 1 to 2 miles range
M1233799944RC_pyr.tif,-1.5844120000000002,69.232038,-1.60559,69.2199,1.6797913152062625,Crater located within 1 to 2 miles range
M1233799944LC_pyr.tif,-1.584168,69.07908499999999,-1.60559,69.2199,9.847149844669522,Crater located outside 5 miles range
M1233799944RC_pyr.tif,-1.584154,69.22131999999999,-1.60559,69.2199,1.476098122807366,Crater located within 1 to 2 miles range
M1233799944LC_pyr.tif,-1.5841020000000001,69.059575,-1.60559,69.2199,11.183412703742706,Crater located outside 5 miles range
M1233799944RC_pyr.tif,-1.584025,69.195263,-1.60559,69.2199,2.2577281421208837,Crater located within 2 to 3 miles range
M1233799944LC_pyr.tif,-1.5839020000000001,69.054826,-1.60559,69.2199,11.510757101852953,Crater located outside 5 miles range
M1233799944LC_pyr.tif,-1.5839020000000001,69.09904499999999,-1.60559,69.2199,8.488235561851894,Crater located outside 5 miles range
M1233799944LC_pyr.tif,-1.5836370000000002,69.05065400000001,-1.60559,69.2199,11.799172504545409,Crater located outside 5 miles range
M1233799944LC_pyr.tif,-1.5836370000000002,69.068432,-1.60559,69.2199,10.58118076928826,Crater located outside 5 miles range
M1233799944RC_pyr.tif,-1.58351,69.200012,-1.60559,69.2199,2.047566405837118,Crater located within 2 to 3 miles range
M1233799944RC_pyr.tif,-1.58351,69.22748100000001,-1.60559,69.2199,1.6050823528271927,Crater located within 1 to 2 miles range
M1233799944LC_pyr.tif,-1.5833709999999999,69.095708,-1.60559,69.2199,8.72179332913837,Crater located outside 5 miles range
M1233799944RC_pyr.tif,-1.583252,69.22035699999999,-1.60559,69.2199,1.5351291029438123,Crater located within 1 to 2 miles range
M1233799944LC_pyr.tif,-1.583105,69.09468100000001,-1.60559,69.2199,8.7949094059276,Crater located outside 5 miles range
M1233799944RC_pyr.tif,-1.583059,69.214709,-1.60559,69.2199,1.5891294835417098,Crater located within 1 to 2 miles range
M1233799944LC_pyr.tif,-1.582906,69.081588,-1.60559,69.2199,9.689632617072151,Crater located outside 5 miles range
M1233799944RC_pyr.tif,-1.5824790000000002,69.241729,-1.60559,69.2199,2.1907999316237765,Crater located within 2 to 3 miles range
M1233799944LC_pyr.tif,-1.582242,69.068432,-1.60559,69.2199,10.595272136462029,Crater located outside 5 miles range
M1233799944RC_pyr.tif,-1.582156,69.208484,-1.60559,69.2199,1.7931872589084907,Crater located within 1 to 2 miles range
M1233799944LC_pyr.tif,-1.582109,69.055531,-1.60559,69.2199,11.47909270075438,Crater located outside 5 miles range
M1233799944RC_pyr.tif,-1.582027,69.24911,-1.60559,69.2199,2.588485686092212,Crater located within 2 to 3 miles range
M1233799944RC_pyr.tif,-1.581963,69.20264300000001,-1.60559,69.2199,2.01472110872897,Crater located within 2 to 3 miles range
M1233799944RC_pyr.tif,-1.581963,69.21226999999999,-1.60559,69.2199,1.7069434420282779,Crater located within 1 to 2 miles range
M1233799944RC_pyr.tif,-1.5817700000000001,69.246542,-1.60559,69.2199,2.4641488537099696,Crater located within 2 to 3 miles range
M1233799944LC_pyr.tif,-1.581645,69.060987,-1.60559,69.2199,11.110390660345328,Crater located outside 5 miles range
M1233799944LC_pyr.tif,-1.581512,69.04629,-1.60559,69.2199,12.117578077989485,Crater located outside 5 miles range
M1233799944RC_pyr.tif,-1.5812540000000002,69.229342,-1.60559,69.2199,1.7950169972912702,Crater located within 1 to 2 miles range
M1233799944RC_pyr.tif,-1.581125,69.225684,-1.60559,69.2199,1.7278668749237727,Crater located within 1 to 2 miles range
M1233799944LC_pyr.tif,-1.581113,69.07793000000001,-1.60559,69.2199,9.959416932176383,Crater located outside 5 miles range
M1233799944RC_pyr.tif,-1.580932,69.243783,-1.60559,69.2199,2.365874002329233,Crater located within 2 to 3 miles range
M1233799944LC_pyr.tif,-1.580914,69.050461,-1.60559,69.2199,11.837760228840992,Crater located outside 5 miles range
M1233799944LC_pyr.tif,-1.580848,69.062014,-1.60559,69.2199,11.048462709311307,Crater located outside 5 miles range
M1233799944LC_pyr.tif,-1.580582,69.074914,-1.60559,69.2199,10.171123093492502,Crater located outside 5 miles range
M1233799944LC_pyr.tif,-1.580449,69.06554399999999,-1.60559,69.2199,10.811702783728007,Crater located outside 5 miles range
M1233799944LC_pyr.tif,-1.580383,69.07953499999999,-1.60559,69.2199,9.858741256851587,Crater located outside 5 miles range
M1233799944LC_pyr.tif,-1.580184,69.093141,-1.60559,69.2199,8.93678612256578,Crater located outside 5 miles range
M1233799944LC_pyr.tif,-1.579984,69.047958,-1.60559,69.2199,12.018259722028292,Crater located outside 5 miles range
M1233799944LC_pyr.tif,-1.579984,69.072411,-1.60559,69.2199,10.348652155557481,Crater located outside 5 miles range
M1233799944LC_pyr.tif,-1.579918,69.086209,-1.60559,69.2199,9.410736056322518,Crater located outside 5 miles range
M1233799944LC_pyr.tif,-1.579918,69.08896899999999,-1.60559,69.2199,9.22334960886209,Crater located outside 5 miles range
M1233799944RC_pyr.tif,-1.5799,69.195584,-1.60559,69.2199,2.43770983548817,Crater located within 2 to 3 miles range
M1233799944LC_pyr.tif,-1.579852,69.047702,-1.60559,69.2199,12.037099679003596,Crater located outside 5 miles range
M1233799944LC_pyr.tif,-1.579785,69.056943,-1.60559,69.2199,11.406172624589667,Crater located outside 5 miles range
M1233799944LC_pyr.tif,-1.579785,69.09911,-1.60559,69.2199,8.538046779942928,Crater located outside 5 miles range
M1233799944RC_pyr.tif,-1.579707,69.211629,-1.60559,69.2199,1.8680673029676993,Crater located within 1 to 2 miles range
M1233799944RC_pyr.tif,-1.5795780000000001,69.242627,-1.60559,69.2199,2.3798407647799285,Crater located within 2 to 3 miles range
M1233799944RC_pyr.tif,-1.5794489999999999,69.232423,-1.60559,69.2199,1.9939281078200437,Crater located within 1 to 2 miles range
M1233799944RC_pyr.tif,-1.5794489999999999,69.242499,-1.60559,69.2199,2.380685834438336,Crater located within 2 to 3 miles range
M1233799944LC_pyr.tif,-1.5792540000000002,69.083706,-1.60559,69.2199,9.589297286406055,Crater located outside 5 miles range
M1233799944LC_pyr.tif,-1.5792540000000002,69.096799,-1.60559,69.2199,8.701933383405999,Crater located outside 5 miles range
M1233799944LC_pyr.tif,-1.5791879999999998,69.067982,-1.60559,69.2199,10.65973385449318,Crater located outside 5 miles range
M1233799944RC_pyr.tif,-1.578998,69.225491,-1.60559,69.2199,1.867538634604628,Crater located within 1 to 2 miles range
M1233799944LC_pyr.tif,-1.5789879999999998,69.076839,-1.60559,69.2199,10.059284863939263,Crater located outside 5 miles range
M1233799944RC_pyr.tif,-1.578934,69.239162,-1.60559,69.2199,2.264548383874031,Crater located within 2 to 3 miles range
M1233799944LC_pyr.tif,-1.578922,69.061243,-1.60559,69.2199,11.122179599212254,Crater located outside 5 miles range
M1233799944RC_pyr.tif,-1.578805,69.232359,-1.60559,69.2199,2.031996924060875,Crater located within 2 to 3 miles range
M1233799944RC_pyr.tif,-1.57874,69.226582,-1.60559,69.2199,1.9017905053987159,Crater located within 1 to 2 miles range
M1233799944LC_pyr.tif,-1.578457,69.058227,-1.60559,69.2199,11.333134135501108,Crater located outside 5 miles range
M1233799944LC_pyr.tif,-1.5783909999999999,69.048664,-1.60559,69.2199,11.986552602088798,Crater located outside 5 miles range
M1233799944RC_pyr.tif,-1.578096,69.19115500000001,-1.60559,69.2199,2.7420642299251874,Crater located within 2 to 3 miles range
M1233799944RC_pyr.tif,-1.577967,69.242692,-1.60559,69.2199,2.4669203985588455,Crater located within 2 to 3 miles range
M1233799944LC_pyr.tif,-1.577926,69.045519,-1.60559,69.2199,12.206334657100443,Crater located outside 5 miles range
M1233799944LC_pyr.tif,-1.5778590000000001,69.076197,-1.60559,69.2199,10.117263899810155,Crater located outside 5 miles range
M1233799944LC_pyr.tif,-1.57766,69.07132,-1.60559,69.2199,10.451141681101028,Crater located outside 5 miles range
M1233799944RC_pyr.tif,-1.57758,69.196097,-1.60559,69.2199,2.5323019737998282,Crater located within 2 to 3 miles range
M1233799944LC_pyr.tif,-1.577461,69.046739,-1.60559,69.2199,12.128066482769691,Crater located outside 5 miles range
M1233799944LC_pyr.tif,-1.577395,69.065415,-1.60559,69.2199,10.855990217672858,Crater located outside 5 miles range
M1233799944RC_pyr.tif,-1.577387,69.245772,-1.60559,69.2199,2.6372602977773205,Crater located within 2 to 3 miles range
M1233799944RC_pyr.tif,-1.577258,69.214773,-1.60559,69.2199,1.9786566822195815,Crater located within 1 to 2 miles range
M1233799944LC_pyr.tif,-1.5771950000000001,69.056558,-1.60559,69.2199,11.461423767409556,Crater located outside 5 miles range
M1233799944RC_pyr.tif,-1.577129,69.201231,-1.60559,69.2199,2.34313875365362,Crater located within 2 to 3 miles range
M1233799944LC_pyr.tif,-1.5769959999999998,69.07157600000001,-1.60559,69.2199,10.442231167174205,Crater located outside 5 miles range
M1233799944RC_pyr.tif,-1.576871,69.232102,-1.60559,69.2199,2.146034963859949,Crater located within 2 to 3 miles range
M1233799944LC_pyr.tif,-1.576863,69.06329699999999,-1.60559,69.2199,11.006615615175381,Crater located outside 5 miles range
M1233799944LC_pyr.tif,-1.576797,69.075812,-1.60559,69.2199,10.157371060078553,Crater located outside 5 miles range
M1233799944RC_pyr.tif,-1.576742,69.237686,-1.60559,69.2199,2.3326173505534276,Crater located within 2 to 3 miles range
M1233799944LC_pyr.tif,-1.57673,69.074465,-1.60559,69.2199,10.249630537378737,Crater located outside 5 miles range
M1233799944LC_pyr.tif,-1.576266,69.051873,-1.60559,69.2199,11.791507125837585,Crater located outside 5 miles range
M1233799944RC_pyr.tif,-1.576227,69.19455699999999,-1.60559,69.2199,2.6722378594403446,Crater located within 2 to 3 miles range
M1233799944LC_pyr.tif,-1.576199,69.077609,-1.60559,69.2199,10.043709317500559,Crater located outside 5 miles range
M1233799944LC_pyr.tif,-1.576133,69.04353,-1.60559,69.2199,12.361780227467591,Crater located outside 5 miles range
M1233799944LC_pyr.tif,-1.576133,69.08890500000001,-1.60559,69.2199,9.28092300984478,Crater located outside 5 miles range
M1233799944RC_pyr.tif,-1.576033,69.211308,-1.60559,69.2199,2.11592110863,Crater located within 2 to 3 miles range
M1233799944LC_pyr.tif,-1.5759999999999998,69.074978,-1.60559,69.2199,10.224688637925455,Crater located outside 5 miles range
M1233799944LC_pyr.tif,-1.575734,69.09853199999999,-1.60559,69.2199,8.638982264781195,Crater located outside 5 miles range
M1233799944LC_pyr.tif,-1.575668,69.046482,-1.60559,69.2199,12.165826288445999,Crater located outside 5 miles range
M1233799944LC_pyr.tif,-1.575668,69.081075,-1.60559,69.2199,9.816644923551411,Crater located outside 5 miles range
M1233799944RC_pyr.tif,-1.575518,69.240124,-1.60559,69.2199,2.4949151488278574,Crater located within 2 to 3 miles range
M1233799944RC_pyr.tif,-1.575453,69.229342,-1.60559,69.2199,2.17114143986493,Crater located within 2 to 3 miles range
M1233799944LC_pyr.tif,-1.575336,69.085503,-1.60559,69.2199,9.522434092175915,Crater located outside 5 miles range
M1233799944LC_pyr.tif,-1.5752700000000002,69.071384,-1.60559,69.2199,10.47820588276748,Crater located outside 5 miles range
M1233799944LC_pyr.tif,-1.5752030000000001,69.074336,-1.60559,69.2199,10.27918109366384,Crater located outside 5 miles range
M1233799944RC_pyr.tif,-1.5751950000000001,69.20168100000001,-1.60559,69.2199,2.438913283024303,Crater located within 2 to 3 miles range
M1233799944RC_pyr.tif,-1.5747440000000001,69.21541500000001,-1.60559,69.2199,2.14194119463387,Crater located within 2 to 3 miles range
M1233799944RC_pyr.tif,-1.5746149999999999,69.189166,-1.60559,69.2199,3.0075496936971646,Crater located within 3 to 4 miles range
M1233799944LC_pyr.tif,-1.574539,69.0615,-1.60559,69.2199,11.15830847479968,Crater located outside 5 miles range
M1233799944RC_pyr.tif,-1.573777,69.213426,-1.60559,69.2199,2.2311800486794833,Crater located within 2 to 3 miles range
M1233799944LC_pyr.tif,-1.573742,69.092692,-1.60559,69.2199,9.06381481729338,Crater located outside 5 miles range
M1233799944LC_pyr.tif,-1.573742,69.10026500000001,-1.60559,69.2199,8.556608133598008,Crater located outside 5 miles range
M1233799944LC_pyr.tif,-1.573676,69.068303,-1.60559,69.2199,10.708962062599962,Crater located outside 5 miles range
M1233799944LC_pyr.tif,-1.573477,69.044172,-1.60559,69.2199,12.34929470085947,Crater located outside 5 miles range
M1233799944RC_pyr.tif,-1.573391,69.191925,-1.60559,69.2199,2.938705211434705,Crater located within 2 to 3 miles range
M1233799944LC_pyr.tif,-1.5732110000000001,69.049499,-1.60559,69.2199,11.990448703877803,Crater located outside 5 miles range
M1233799944LC_pyr.tif,-1.573012,69.04231,-1.60559,69.2199,12.481682266469036,Crater located outside 5 miles range
M1233799944LC_pyr.tif,-1.573012,69.050397,-1.60559,69.2199,11.931998757703397,Crater located outside 5 miles range
M1233799944LC_pyr.tif,-1.572945,69.093012,-1.60559,69.2199,9.055754069345056,Crater located outside 5 miles range
M1233799944RC_pyr.tif,-1.572811,69.22228199999999,-1.60559,69.2199,2.2582003604944556,Crater located within 2 to 3 miles range
M1233799944RC_pyr.tif,-1.572746,69.21349000000001,-1.60559,69.2199,2.2997648396470654,Crater located within 2 to 3 miles range
M1233799944RC_pyr.tif,-1.5724879999999999,69.21894499999999,-1.60559,69.2199,2.2753372162320034,Crater located within 2 to 3 miles range
M1233799944RC_pyr.tif,-1.572359,69.211885,-1.60559,69.2199,2.3495368173976936,Crater located within 2 to 3 miles range
M1233799944LC_pyr.tif,-1.572082,69.051039,-1.60559,69.2199,11.90059812562259,Crater located outside 5 miles range
M1233799944LC_pyr.tif,-1.572082,69.06772600000001,-1.60559,69.2199,10.77089756176769,Crater located outside 5 miles range
M1233799944LC_pyr.tif,-1.571883,69.056815,-1.60559,69.2199,11.511768287572016,Crater located outside 5 miles range
M1233799944RC_pyr.tif,-1.571844,69.19648199999999,-1.60559,69.2199,2.8280574663244034,Crater located within 2 to 3 miles range
M1233799944LC_pyr.tif,-1.5718159999999999,69.077738,-1.60559,69.2199,10.099892814763397,Crater located outside 5 miles range
M1233799944LC_pyr.tif,-1.571617,69.076903,-1.60559,69.2199,10.159225687249526,Crater located outside 5 miles range
M1233799944RC_pyr.tif,-1.5715860000000001,69.212142,-1.60559,69.2199,2.3971433862986355,Crater located within 2 to 3 miles range
M1233799944LC_pyr.tif,-1.571418,69.082359,-1.60559,69.2199,9.795719420085117,Crater located outside 5 miles range
M1233799944RC_pyr.tif,-1.571135,69.207264,-1.60559,69.2199,2.523423985541209,Crater located within 2 to 3 miles range
M1233799944LC_pyr.tif,-1.571086,69.045648,-1.60559,69.2199,12.27955597714792,Crater located outside 5 miles range
M1233799944LC_pyr.tif,-1.571086,69.052515,-1.60559,69.2199,11.814030371886917,Crater located outside 5 miles range
M1233799944LC_pyr.tif,-1.57082,69.056943,-1.60559,69.2199,11.51802857774404,Crater located outside 5 miles range
M1233799944LC_pyr.tif,-1.5704879999999999,69.057521,-1.60559,69.2199,11.48370522803391,Crater located outside 5 miles range
M1233799944RC_pyr.tif,-1.5699100000000001,69.241536,-1.60559,69.2199,2.8719211690684734,Crater located within 2 to 3 miles range
M1233799944LC_pyr.tif,-1.569891,69.058099,-1.60559,69.2199,11.453350099519644,Crater located outside 5 miles range
M1233799944RC_pyr.tif,-1.569652,69.196996,-1.60559,69.2199,2.9334573370577814,Crater located within 2 to 3 miles range
M1233799944LC_pyr.tif,-1.569559,69.073309,-1.60559,69.2199,10.433886472196024,Crater located outside 5 miles range
M1233799944LC_pyr.tif,-1.569426,69.046611,-1.60559,69.2199,12.236883142697904,Crater located outside 5 miles range
M1233799944RC_pyr.tif,-1.569395,69.217341,-1.60559,69.2199,2.493179903091977,Crater located within 2 to 3 miles range
M1233799944LC_pyr.tif,-1.56916,69.051488,-1.60559,69.2199,11.910716277006863,Crater located outside 5 miles range
M1233799944LC_pyr.tif,-1.569094,69.069009,-1.60559,69.2199,10.730371371969571,Crater located outside 5 miles range
M1233799944LC_pyr.tif,-1.568563,69.089611,-1.60559,69.2199,9.3610798636796,Crater located outside 5 miles range
M1233799944LC_pyr.tif,-1.56843,69.055082,-1.60559,69.2199,11.678742232476456,Crater located outside 5 miles range
M1233799944RC_pyr.tif,-1.5682989999999999,69.248275,-1.60559,69.2199,3.2271020992423165,Crater located within 3 to 4 miles range
M1233799944LC_pyr.tif,-1.567965,69.065287,-1.60559,69.2199,10.998741908509578,Crater located outside 5 miles range
M1233799944LC_pyr.tif,-1.567832,69.08749300000001,-1.60559,69.2199,9.515670864626198,Crater located outside 5 miles range
M1233799944RC_pyr.tif,-1.567654,69.242114,-1.60559,69.2199,3.025414073999337,Crater located within 3 to 4 miles range
M1233799944RC_pyr.tif,-1.567461,69.21381099999999,-1.60559,69.2199,2.653390001692722,Crater located within 2 to 3 miles range
M1233799944LC_pyr.tif,-1.567234,69.089162,-1.60559,69.2199,9.416111210576709,Crater located outside 5 miles range
M1233799944LC_pyr.tif,-1.5671680000000001,69.062976,-1.60559,69.2199,11.166941976716013,Crater located outside 5 miles range
M1233799944LC_pyr.tif,-1.567102,69.08345,-1.60559,69.2199,9.798347599197962,Crater located outside 5 miles range
M1233799944RC_pyr.tif,-1.567074,69.219972,-1.60559,69.2199,2.6463696508850387,Crater located within 2 to 3 miles range
M1233799944LC_pyr.tif,-1.566902,69.06355400000001,-1.60559,69.2199,11.132463858876935,Crater located outside 5 miles range
M1233799944RC_pyr.tif,-1.566881,69.24911,-1.60559,69.2199,3.339585002739341,Crater located within 3 to 4 miles range
M1233799944RC_pyr.tif,-1.5666879999999999,69.20643000000001,-1.60559,69.2199,2.8305089243067005,Crater located within 2 to 3 miles range
M1233799944LC_pyr.tif,-1.566637,69.071384,-1.60559,69.2199,10.612089429520923,Crater located outside 5 miles range
M1233799944LC_pyr.tif,-1.566637,69.07478499999999,-1.60559,69.2199,10.384700332284329,Crater located outside 5 miles range
M1233799944RC_pyr.tif,-1.5666229999999999,69.222347,-1.60559,69.2199,2.6826932476318723,Crater located within 2 to 3 miles range
M1233799944RC_pyr.tif,-1.566559,69.202066,-1.60559,69.2199,2.9516722900138266,Crater located within 2 to 3 miles range
M1233799944RC_pyr.tif,-1.56643,69.205339,-1.60559,69.2199,2.8728153768016145,Crater located within 2 to 3 miles range
M1233799944LC_pyr.tif,-1.566371,69.047188,-1.60559,69.2199,12.242312630566724,Crater located outside 5 miles range
M1233799944LC_pyr.tif,-1.5663049999999998,69.054055,-1.60559,69.2199,11.780644914063489,Crater located outside 5 miles range
M1233799944LC_pyr.tif,-1.5663049999999998,69.064645,-1.60559,69.2199,11.069156376179318,Crater located outside 5 miles range
M1233799944RC_pyr.tif,-1.566301,69.18923000000001,-1.60559,69.2199,3.4328365553253373,Crater located within 3 to 4 miles range
M1233799944RC_pyr.tif,-1.566236,69.20014,-1.60559,69.2199,3.02953171469579,Crater located within 3 to 4 miles range
M1233799944RC_pyr.tif,-1.566172,69.196867,-1.60559,69.2199,3.1418925571515572,Crater located within 3 to 4 miles range
M1233799944RC_pyr.tif,-1.565979,69.217597,-1.60559,69.2199,2.726254967496417,Crater located within 2 to 3 miles range
M1233799944RC_pyr.tif,-1.565914,69.24025300000001,-1.60559,69.2199,3.067885410975706,Crater located within 3 to 4 miles range
M1233799944LC_pyr.tif,-1.565707,69.070164,-1.60559,69.2199,10.70991312969675,Crater located outside 5 miles range
M1233799944LC_pyr.tif,-1.565375,69.09423199999999,-1.60559,69.2199,9.117983825272212,Crater located outside 5 miles range
M1233799944RC_pyr.tif,-1.5652700000000002,69.19590500000001,-1.60559,69.2199,3.229136577590452,Crater located within 3 to 4 miles range
M1233799944RC_pyr.tif,-1.565076,69.22927800000001,-1.60559,69.2199,2.8581713134869076,Crater located within 2 to 3 miles range
M1233799944LC_pyr.tif,-1.565043,69.09609300000001,-1.60559,69.2199,9.002474860842987,Crater located outside 5 miles range
M1233799944LC_pyr.tif,-1.56491,69.039872,-1.60559,69.2199,12.757873397724504,Crater located outside 5 miles range
M1233799944LC_pyr.tif,-1.56491,69.049178,-1.60559,69.2199,12.130866707885117,Crater located outside 5 miles range
M1233799944LC_pyr.tif,-1.56491,69.075491,-1.60559,69.2199,10.36889938598463,Crater located outside 5 miles range
M1233799944RC_pyr.tif,-1.564883,69.19994799999999,-1.60559,69.2199,3.1186355440851306,Crater located within 3 to 4 miles range
M1233799944LC_pyr.tif,-1.5648440000000001,69.090124,-1.60559,69.2199,9.399869998728375,Crater located outside 5 miles range
M1233799944LC_pyr.tif,-1.564711,69.054761,-1.60559,69.2199,11.758815402025867,Crater located outside 5 miles range
M1233799944RC_pyr.tif,-1.5644959999999999,69.227673,-1.60559,69.2199,2.874192939232426,Crater located within 2 to 3 miles range
M1233799944LC_pyr.tif,-1.564445,69.097248,-1.60559,69.2199,8.939476955993992,Crater located outside 5 miles range
M1233799944RC_pyr.tif,-1.564432,69.247505,-1.60559,69.2199,3.411778335590441,Crater located within 3 to 4 miles range
M1233799944LC_pyr.tif,-1.564047,69.100072,-1.60559,69.2199,8.763321312908154,Crater located outside 5 miles range
M1233799944LC_pyr.tif,-1.563914,69.039807,-1.60559,69.2199,12.777423511806887,Crater located outside 5 miles range
M1233799944LC_pyr.tif,-1.563914,69.085696,-1.60559,69.2199,9.711226877593102,Crater located outside 5 miles range
M1233799944RC_pyr.tif,-1.563852,69.227096,-1.60559,69.2199,2.910587186854344,Crater located within 2 to 3 miles range
M1233799944RC_pyr.tif,-1.5634649999999999,69.226005,-1.60559,69.2199,2.9249535867407346,Crater located within 2 to 3 miles range
M1233799944LC_pyr.tif,-1.563316,69.075299,-1.60559,69.2199,10.411708427596238,Crater located outside 5 miles range
M1233799944LC_pyr.tif,-1.562785,69.078251,-1.60559,69.2199,10.226290316108685,Crater located outside 5 miles range
M1233799944RC_pyr.tif,-1.562691,69.244424,-1.60559,69.2199,3.4004745270298944,Crater located within 3 to 4 miles range
M1233799944RC_pyr.tif,-1.562563,69.193915,-1.60559,69.2199,3.459473005292842,Crater located within 3 to 4 miles range
M1233799944LC_pyr.tif,-1.5625200000000001,69.06695500000001,-1.60559,69.2199,10.981539497134735,Crater located outside 5 miles range
M1233799944LC_pyr.tif,-1.562453,69.06663499999999,-1.60559,69.2199,11.004088001177365,Crater located outside 5 miles range
M1233799944LC_pyr.tif,-1.5623200000000002,69.047702,-1.60559,69.2199,12.27209965699182,Crater located outside 5 miles range
M1233799944RC_pyr.tif,-1.562047,69.232487,-1.60559,69.2199,3.1157813523160094,Crater located within 3 to 4 miles range
M1233799944RC_pyr.tif,-1.5619180000000001,69.191797,-1.60559,69.2199,3.574862988202998,Crater located within 3 to 4 miles range
M1233799944LC_pyr.tif,-1.561855,69.08755699999999,-1.60559,69.2199,9.631544780383846,Crater located outside 5 miles range
M1233799944LC_pyr.tif,-1.5617889999999999,69.063426,-1.60559,69.2199,11.230073544253136,Crater located outside 5 miles range
M1233799944RC_pyr.tif,-1.561596,69.250201,-1.60559,69.2199,3.677859233529932,Crater located within 3 to 4 miles range
M1233799944RC_pyr.tif,-1.561531,69.197316,-1.60559,69.2199,3.406243340348142,Crater located within 3 to 4 miles range
M1233799944LC_pyr.tif,-1.5614569999999999,69.09789,-1.60559,69.2199,8.964725608512737,Crater located outside 5 miles range
M1233799944RC_pyr.tif,-1.561145,69.245002,-1.60559,69.2199,3.5125254611622667,Crater located within 3 to 4 miles range
M1233799944LC_pyr.tif,-1.561125,69.05354200000001,-1.60559,69.2199,11.90154189656731,Crater located outside 5 miles range
M1233799944LC_pyr.tif,-1.560793,69.044493,-1.60559,69.2199,12.512888262501749,Crater located outside 5 miles range
M1233799944LC_pyr.tif,-1.560727,69.051488,-1.60559,69.2199,12.045830591870319,Crater located outside 5 miles range
M1233799944LC_pyr.tif,-1.560594,69.056366,-1.60559,69.2199,11.722498627764551,Crater located outside 5 miles range
M1233799944RC_pyr.tif,-1.5603069999999999,69.221448,-1.60559,69.2199,3.113153826431469,Crater located within 3 to 4 miles range
M1233799944RC_pyr.tif,-1.559984,69.217405,-1.60559,69.2199,3.1382513263216447,Crater located within 3 to 4 miles range
M1233799944RC_pyr.tif,-1.559855,69.202964,-1.60559,69.2199,3.3534757609132435,Crater located within 3 to 4 miles range
M1233799944LC_pyr.tif,-1.5597969999999999,69.060024,-1.60559,69.2199,11.49358839248922,Crater located outside 5 miles range
M1233799944RC_pyr.tif,-1.559791,69.194813,-1.60559,69.2199,3.593198570554551,Crater located within 3 to 4 miles range
M1233799944LC_pyr.tif,-1.559598,69.071512,-1.60559,69.2199,10.735818973838239,Crater located outside 5 miles range
M1233799944RC_pyr.tif,-1.559533,69.203028,-1.60559,69.2199,3.3726826869421953,Crater located within 3 to 4 miles range
M1233799944RC_pyr.tif,-1.559533,69.218239,-1.60559,69.2199,3.166576800686869,Crater located within 3 to 4 miles range
M1233799944RC_pyr.tif,-1.5587600000000001,69.229599,-1.60559,69.2199,3.2867505190611297,Crater located within 3 to 4 miles range
M1233799944RC_pyr.tif,-1.5587600000000001,69.243398,-1.60559,69.2199,3.6045553963685077,Crater located within 3 to 4 miles range
M1233799944LC_pyr.tif,-1.558668,69.060858,-1.60559,69.2199,11.459719124283405,Crater located outside 5 miles range
M1233799944RC_pyr.tif,-1.55818,69.24083,-1.60559,69.2199,3.564462160832842,Crater located within 3 to 4 miles range
M1233799944LC_pyr.tif,-1.558137,69.077224,-1.60559,69.2199,10.39007938737855,Crater located outside 5 miles range
M1233799944RC_pyr.tif,-1.558115,69.202772,-1.60559,69.2199,3.4702618061439203,Crater located within 3 to 4 miles range
M1233799944RC_pyr.tif,-1.558051,69.229535,-1.60559,69.2199,3.3335674249551053,Crater located within 3 to 4 miles range
M1233799944LC_pyr.tif,-1.5579370000000001,69.04353,-1.60559,69.2199,12.626901848236214,Crater located outside 5 miles range
M1233799944LC_pyr.tif,-1.5578049999999999,69.085311,-1.60559,69.2199,9.868279749433201,Crater located outside 5 miles range
M1233799944LC_pyr.tif,-1.557672,69.09102299999999,-1.60559,69.2199,9.499898705529597,Crater located outside 5 miles range
M1233799944RC_pyr.tif,-1.557664,69.24635,-1.60559,69.2199,3.766699723221112,Crater located within 3 to 4 miles range
M1233799944RC_pyr.tif,-1.5576,69.226647,-1.60559,69.2199,3.3301453496197913,Crater located within 3 to 4 miles range
M1233799944RC_pyr.tif,-1.5576,69.23268,-1.60559,69.2199,3.4136632352289906,Crater located within 3 to 4 miles range
M1233799944LC_pyr.tif,-1.5574729999999999,69.083771,-1.60559,69.2199,9.976295921976801,Crater located outside 5 miles range
M1233799944RC_pyr.tif,-1.557277,69.24506600000001,-1.60559,69.2199,3.7479318723629533,Crater located within 3 to 4 miles range
M1233799944RC_pyr.tif,-1.557213,69.23762099999999,-1.60559,69.2199,3.542551781423942,Crater located within 3 to 4 miles range
M1233799944RC_pyr.tif,-1.557148,69.22516999999999,-1.60559,69.2199,3.348249924633726,Crater located within 3 to 4 miles range
M1233799944RC_pyr.tif,-1.556891,69.220485,-1.60559,69.2199,3.346264873478586,Crater located within 3 to 4 miles range
M1233799944RC_pyr.tif,-1.556826,69.21073,-1.60559,69.2199,3.409953924904444,Crater located within 3 to 4 miles range
M1233799944LC_pyr.tif,-1.556809,69.07895699999999,-1.60559,69.2199,10.305688844877166,Crater located outside 5 miles range
M1233799944LC_pyr.tif,-1.556477,69.093012,-1.60559,69.2199,9.400178164586118,Crater located outside 5 miles range
M1233799944LC_pyr.tif,-1.556211,69.07074200000001,-1.60559,69.2199,10.857176170140034,Crater located outside 5 miles range
M1233799944LC_pyr.tif,-1.556211,69.08325699999999,-1.60559,69.2199,10.03880957091157,Crater located outside 5 miles range
M1233799944LC_pyr.tif,-1.556078,69.076647,-1.60559,69.2199,10.47306688094185,Crater located outside 5 miles range
M1233799944LC_pyr.tif,-1.555215,69.089611,-1.60559,69.2199,9.650794472628686,Crater located outside 5 miles range
M1233799944RC_pyr.tif,-1.55515,69.221127,-1.60559,69.2199,3.4666796358753893,Crater located within 3 to 4 miles range
M1233799944RC_pyr.tif,-1.555021,69.195776,-1.60559,69.2199,3.8541605877877054,Crater located within 3 to 4 miles range
M1233799944LC_pyr.tif,-1.555016,69.079856,-1.60559,69.2199,10.287884967232596,Crater located outside 5 miles range
M1233799944LC_pyr.tif,-1.554883,69.076454,-1.60559,69.2199,10.512616407885528,Crater located outside 5 miles range
M1233799944LC_pyr.tif,-1.554816,69.0658,-1.60559,69.2199,11.211741972315583,Crater located outside 5 miles range
M1233799944LC_pyr.tif,-1.55475,69.05797,-1.60559,69.2199,11.728828393398874,Crater located outside 5 miles range
M1233799944LC_pyr.tif,-1.55475,69.07606899999999,-1.60559,69.2199,10.54076144311051,Crater located outside 5 miles range
M1233799944LC_pyr.tif,-1.554551,69.086787,-1.60559,69.2199,9.84947051367827,Crater located outside 5 miles range
M1233799944RC_pyr.tif,-1.554506,69.21888100000001,-1.60559,69.2199,3.5105965201492224,Crater located within 3 to 4 miles range
M1233799944RC_pyr.tif,-1.554184,69.20553100000001,-1.60559,69.2199,3.6690922855656694,Crater located within 3 to 4 miles range
M1233799944RC_pyr.tif,-1.554184,69.243398,-1.60559,69.2199,3.8877967467708596,Crater located within 3 to 4 miles range
M1233799944LC_pyr.tif,-1.554086,69.072603,-1.60559,69.2199,10.782056169617409,Crater located outside 5 miles range
M1233799944LC_pyr.tif,-1.5540200000000002,69.083771,-1.60559,69.2199,10.057416222751865,Crater located outside 5 miles range
M1233799944RC_pyr.tif,-1.553926,69.226262,-1.60559,69.2199,3.5768932433285743,Crater located within 3 to 4 miles range
M1233799944RC_pyr.tif,-1.5537969999999999,69.23710799999999,-1.60559,69.2199,3.752249869879425,Crater located within 3 to 4 miles range
M1233799944LC_pyr.tif,-1.553754,69.080947,-1.60559,69.2199,10.246731038586827,Crater located outside 5 miles range
M1233799944RC_pyr.tif,-1.553668,69.203221,-1.60559,69.2199,3.7492446167718296,Crater located within 3 to 4 miles range
M1233799944LC_pyr.tif,-1.553555,69.043722,-1.60559,69.2199,12.695571930343242,Crater located outside 5 miles range
M1233799944RC_pyr.tif,-1.553539,69.21753299999999,-1.60559,69.2199,3.5800731877038965,Crater located within 3 to 4 miles range
M1233799944RC_pyr.tif,-1.553539,69.245901,-1.60559,69.2199,4.002789927678038,Crater located within 4 to 5 miles range
M1233799944RC_pyr.tif,-1.553346,69.230048,-1.60559,69.2199,3.657528796549475,Crater located within 3 to 4 miles range
M1233799944RC_pyr.tif,-1.553217,69.196161,-1.60559,69.2199,3.9551417168756298,Crater located within 3 to 4 miles range
M1233799944RC_pyr.tif,-1.553088,69.189037,-1.60559,69.2199,4.1912695910136915,Crater located within 4 to 5 miles range
M1233799944RC_pyr.tif,-1.553023,69.21220600000001,-1.60559,69.2199,3.650753833688834,Crater located within 3 to 4 miles range
M1233799944RC_pyr.tif,-1.552959,69.243911,-1.60559,69.2199,3.9790870093310775,Crater located within 3 to 4 miles range
M1233799944RC_pyr.tif,-1.552701,69.210858,-1.60559,69.2199,3.687298064876019,Crater located within 3 to 4 miles range
M1233799944LC_pyr.tif,-1.552625,69.045327,-1.60559,69.2199,12.607423275936151,Crater located outside 5 miles range
M1233799944LC_pyr.tif,-1.552625,69.07934200000001,-1.60559,69.2199,10.37780973170143,Crater located outside 5 miles range
M1233799944LC_pyr.tif,-1.552625,69.083321,-1.60559,69.2199,10.120613322875153,Crater located outside 5 miles range
M1233799944LC_pyr.tif,-1.552426,69.04635400000001,-1.60559,69.2199,12.543426565433638,Crater located outside 5 miles range
M1233799944RC_pyr.tif,-1.55225,69.206815,-1.60559,69.2199,3.7749227641162113,Crater located within 3 to 4 miles range
M1233799944LC_pyr.tif,-1.552227,69.100714,-1.60559,69.2199,9.01988458210744,Crater located outside 5 miles range
M1233799944LC_pyr.tif,-1.552094,69.092435,-1.60559,69.2199,9.549256074668852,Crater located outside 5 miles range
M1233799944LC_pyr.tif,-1.552027,69.06554399999999,-1.60559,69.2199,11.289578167184912,Crater located outside 5 miles range
M1233799944LC_pyr.tif,-1.551895,69.056494,-1.60559,69.2199,11.885718676369315,Crater located outside 5 miles range
M1233799944LC_pyr.tif,-1.5516290000000001,69.075556,-1.60559,69.2199,10.647003885436641,Crater located outside 5 miles range
M1233799944LC_pyr.tif,-1.551496,69.074336,-1.60559,69.2199,10.729283166151234,Crater located outside 5 miles range
M1233799944LC_pyr.tif,-1.551297,69.045905,-1.60559,69.2199,12.595888389557222,Crater located outside 5 miles range
M1233799944RC_pyr.tif,-1.5511540000000001,69.196546,-1.60559,69.2199,4.073902644456043,Crater located within 4 to 5 miles range
M1233799944LC_pyr.tif,-1.551031,69.04353,-1.60559,69.2199,12.75819144607346,Crater located outside 5 miles range
M1233799944RC_pyr.tif,-1.5508959999999998,69.227032,-1.60559,69.2199,3.790144310626309,Crater located within 3 to 4 miles range
M1233799944RC_pyr.tif,-1.5508959999999998,69.23980300000001,-1.60559,69.2199,4.00198642725224,Crater located within 4 to 5 miles range
M1233799944RC_pyr.tif,-1.550445,69.203028,-1.60559,69.2199,3.9644470003777093,Crater located within 3 to 4 miles range
M1233799944RC_pyr.tif,-1.54993,69.22055,-1.60559,69.2199,3.8245620926136503,Crater located within 3 to 4 miles range
M1233799944RC_pyr.tif,-1.549801,69.230497,-1.60559,69.2199,3.9025650008034374,Crater located within 3 to 4 miles range
M1233799944RC_pyr.tif,-1.549801,69.247826,-1.5499100000000001,69.3096,4.271406193583687,Crater located within 4 to 5 miles range
M1233799944RC_pyr.tif,-1.549672,69.23518299999999,-1.60559,69.2199,3.9847019125490077,Crater located within 3 to 4 miles range
M1233799944RC_pyr.tif,-1.549285,69.193402,-1.60559,69.2199,4.280551584921523,Crater located within 4 to 5 miles range
M1233799944LC_pyr.tif,-1.549238,69.07793000000001,-1.60559,69.2199,10.552453599447658,Crater located outside 5 miles range
M1233799944LC_pyr.tif,-1.5490389999999998,69.062206,-1.60559,69.2199,11.575317215065704,Crater located outside 5 miles range
M1233799944LC_pyr.tif,-1.548906,69.085183,-1.60559,69.2199,10.096381327335688,Crater located outside 5 miles range
M1233799944LC_pyr.tif,-1.54884,69.08126800000001,-1.60559,69.2199,10.348366562919974,Crater located outside 5 miles range
M1233799944RC_pyr.tif,-1.54877,69.202579,-1.60559,69.2199,4.083575640566538,Crater located within 4 to 5 miles range
M1233799944RC_pyr.tif,-1.54877,69.24840400000001,-1.5499100000000001,69.3096,4.232159389759043,Crater located within 4 to 5 miles range
M1233799944LC_pyr.tif,-1.548574,69.093462,-1.60559,69.2199,9.580091121054505,Crater located outside 5 miles range
M1233799944LC_pyr.tif,-1.548441,69.086017,-1.60559,69.2199,10.055636128877252,Crater located outside 5 miles range
M1233799944LC_pyr.tif,-1.548043,69.040193,-1.60559,69.2199,13.039705320680172,Crater located outside 5 miles range
M1233799944LC_pyr.tif,-1.5476450000000002,69.04750899999999,-1.60559,69.2199,12.56723323503009,Crater located outside 5 miles range
M1233799944LC_pyr.tif,-1.5476450000000002,69.066314,-1.60559,69.2199,11.34142355364394,Crater located outside 5 miles range
M1233799944LC_pyr.tif,-1.547512,69.07523499999999,-1.60559,69.2199,10.769399816183592,Crater located outside 5 miles range
M1233799944LC_pyr.tif,-1.547379,69.07266700000001,-1.60559,69.2199,10.937860660742826,Crater located outside 5 miles range
M1233799944LC_pyr.tif,-1.547246,69.08434799999999,-1.60559,69.2199,10.19398624805744,Crater located outside 5 miles range
M1233799944LC_pyr.tif,-1.546914,69.08698000000001,-1.60559,69.2199,10.036056953231043,Crater located outside 5 miles range
M1233799944LC_pyr.tif,-1.546848,69.046482,-1.60559,69.2199,12.651971710449029,Crater located outside 5 miles range
M1233799944RC_pyr.tif,-1.546836,69.199691,-1.60559,69.2199,4.271882962948058,Crater located within 4 to 5 miles range
M1233799944RC_pyr.tif,-1.546771,69.20315699999999,-1.60559,69.2199,4.203894982875967,Crater located within 4 to 5 miles range
M1233799944RC_pyr.tif,-1.546707,69.236402,-1.60559,69.2199,4.203568613616737,Crater located within 4 to 5 miles range
M1233799944RC_pyr.tif,-1.546514,69.239611,-1.60559,69.2199,4.281711231619665,Crater located within 4 to 5 miles range
M1233799944RC_pyr.tif,-1.5463850000000001,69.24744100000001,-1.5499100000000001,69.3096,4.30484266793166,Crater located within 4 to 5 miles range
M1233799944LC_pyr.tif,-1.546117,69.05014,-1.60559,69.2199,12.428941620539177,Crater located outside 5 miles range
M1233799944LC_pyr.tif,-1.545785,69.065351,-1.60559,69.2199,11.449043657283237,Crater located outside 5 miles range
M1233799944LC_pyr.tif,-1.545387,69.093975,-1.60559,69.2199,9.63965198650986,Crater located outside 5 miles range
M1233799944LC_pyr.tif,-1.544789,69.08896899999999,-1.60559,69.2199,9.970557632149722,Crater located outside 5 miles range
M1233799944LC_pyr.tif,-1.544656,69.039679,-1.60559,69.2199,13.145839701724924,Crater located outside 5 miles range
M1233799944LC_pyr.tif,-1.544656,69.076262,-1.60559,69.2199,10.778177594925497,Crater located outside 5 miles range
M1233799944LC_pyr.tif,-1.5445229999999999,69.10090699999999,-1.60559,69.2199,9.235827674549297,Crater located outside 5 miles range
M1233799944LC_pyr.tif,-1.544457,69.064388,-1.60559,69.2199,11.544107339225432,Crater located outside 5 miles range
M1233799944LC_pyr.tif,-1.544324,69.066249,-1.60559,69.2199,11.427708137406174,Crater located outside 5 miles range
M1184355432RC_pyr.tif,-0.689033,72.12599399999999,-0.660337,72.2045,5.776818878745414,Crater located outside 5 miles range
M1184355432RC_pyr.tif,-0.673457,72.103767,-0.660337,72.2045,7.025379298628474,Crater located outside 5 miles range
M1184355432RC_pyr.tif,-0.672884,72.077548,-0.613983,72.0108,6.139375855672947,Crater located outside 5 miles range
M1184355432RC_pyr.tif,-0.6645770000000001,72.108131,-0.660337,72.2045,6.671834197108519,Crater located outside 5 miles range
M1184355432RC_pyr.tif,-0.652331,72.11019499999999,-0.660337,72.2045,6.545873423793588,Crater located outside 5 miles range
M1184355432RC_pyr.tif,-0.649215,72.113713,-0.660337,72.2045,6.325721860447365,Crater located outside 5 miles range
M1184355432RC_pyr.tif,-0.64542,72.11686,-0.660337,72.2045,6.147766684710906,Crater located outside 5 miles range
M1184355432RC_pyr.tif,-0.645169,72.103902,-0.613983,72.0108,6.7866787777302555,Crater located outside 5 miles range
M1184355432RC_pyr.tif,-0.6445960000000001,72.074876,-0.613983,72.0108,4.90570873321518,Crater located within 4 to 5 miles range
M1184355432RC_pyr.tif,-0.644274,72.13046,-0.660337,72.2045,5.238646302649813,Crater located outside 5 miles range
M1184355432RC_pyr.tif,-0.642842,72.12075,-0.660337,72.2045,5.91607992159289,Crater located outside 5 miles range
M1184355432RC_pyr.tif,-0.642699,72.121596,-0.660337,72.2045,5.860821665155616,Crater located outside 5 miles range
M1184355432RC_pyr.tif,-0.6344989999999999,72.114525,-0.660337,72.2045,6.471500515541338,Crater located outside 5 miles range
M1184355432RC_pyr.tif,-0.628125,72.077176,-0.613983,72.0108,4.692705855364224,Crater located within 4 to 5 miles range
M1184355432RC_pyr.tif,-0.618743,72.11973499999999,-0.660337,72.2045,6.522324372331739,Crater located outside 5 miles range
M1184355432RC_pyr.tif,-0.618421,72.12548699999999,-0.660337,72.2045,6.1774501155694,Crater located outside 5 miles range
M1184355432RC_pyr.tif,-0.617454,72.131982,-0.660337,72.2045,5.817183078426459,Crater located outside 5 miles range
M1184355432RC_pyr.tif,-0.617383,72.079849,-0.613983,72.0108,4.781605319515035,Crater located within 4 to 5 miles range
M1184355432RC_pyr.tif,-0.617275,72.070038,-0.613983,72.0108,4.103538839828879,Crater located within 4 to 5 miles range
M1184355432RC_pyr.tif,-0.616165,72.066418,-0.613983,72.0108,3.849837382308183,Crater located within 3 to 4 miles range
M1184355432RC_pyr.tif,-0.6150909999999999,72.09649399999999,-0.613983,72.0108,5.927666288671998,Crater located outside 5 miles range
M1184355432RC_pyr.tif,-0.614661,72.098185,-0.613983,72.0108,6.0443181856224,Crater located outside 5 miles range
M1184355432RC_pyr.tif,-0.6126560000000001,72.093212,-0.613983,72.0108,5.700902492182403,Crater located outside 5 miles range
M1184355432RC_pyr.tif,-0.612155,72.093652,-0.613983,72.0108,5.731983209525383,Crater located outside 5 miles range
M1184355432RC_pyr.tif,-0.609541,72.118517,-0.660337,72.2045,6.895590451548054,Crater located outside 5 miles range
M1184355432RC_pyr.tif,-0.608789,72.08370500000001,-0.613983,72.0108,5.055218608601455,Crater located outside 5 miles range
M1184355432RC_pyr.tif,-0.607679,72.121528,-0.660337,72.2045,6.784158664551272,Crater located outside 5 miles range
M1184355432RC_pyr.tif,-0.6075,72.08495699999999,-0.613983,72.0108,5.148508841757948,Crater located outside 5 miles range
M1184355432RC_pyr.tif,-0.6055659999999999,72.10874,-0.613983,72.0108,6.798840152963749,Crater located outside 5 miles range
M1184355432RC_pyr.tif,-0.603597,72.078496,-0.613983,72.0108,4.736383911212814,Crater located within 4 to 5 miles range
M1184355432RC_pyr.tif,-0.60306,72.062832,-0.613983,72.0108,3.6763090295022542,Crater located within 3 to 4 miles range
M1184355432RC_pyr.tif,-0.602738,72.117502,-0.660337,72.2045,7.202104334675244,Crater located outside 5 miles range
M1184355432RC_pyr.tif,-0.599622,72.11229300000001,-0.613983,72.0108,7.088959333564216,Crater located outside 5 miles range
M1184355432RC_pyr.tif,-0.598512,72.043481,-0.613983,72.0108,2.497903662637484,Crater located within 2 to 3 miles range
M1184355432RC_pyr.tif,-0.5962569999999999,72.124269,-0.660337,72.2045,7.083739613170533,Crater located outside 5 miles range
M1184355432RC_pyr.tif,-0.593356,72.104884,-0.613983,72.0108,6.660037964600813,Crater located outside 5 miles range
M1184355432RC_pyr.tif,-0.5929260000000001,72.092129,-0.613983,72.0108,5.808347318958215,Crater located outside 5 miles range
M1184355432RC_pyr.tif,-0.5842609999999999,72.105899,-0.613983,72.0108,6.887420648367681,Crater located outside 5 miles range
M1184355432RC_pyr.tif,-0.58333,72.114424,-0.613983,72.0108,7.4703867486303634,Crater located outside 5 miles range
