Image Name,crater_lat,crater_long
M1260669909RC_pyr.tif,-6.762124,96.816438
M1260669909RC_pyr.tif,-6.761567,96.821564
M1260669909RC_pyr.tif,-6.761444,96.795996
M1260669909RC_pyr.tif,-6.760609,96.81838
M1260669909RC_pyr.tif,-6.759124,96.822806
M1260669909RC_pyr.tif,-6.758722,96.764537
M1260669909RC_pyr.tif,-6.756867,96.790615
M1260669909RC_pyr.tif,-6.756619,96.83914
M1260669909RC_pyr.tif,-6.756527,96.837262
M1260669909RC_pyr.tif,-6.754888,96.821564
M1260669909RC_pyr.tif,-6.754609,96.819335
M1260669909RC_pyr.tif,-6.754084,96.833727
M1260669909RC_pyr.tif,-6.753311,96.750814
M1260669909RC_pyr.tif,-6.752445,96.836498
M1260669909RC_pyr.tif,-6.75229,96.758519
M1260669909RC_pyr.tif,-6.751455,96.770969
M1260669909RC_pyr.tif,-6.750929,96.765429
M1260669909RC_pyr.tif,-6.750806,96.827869
M1260669909RC_pyr.tif,-6.750775,96.757755
M1260669909RC_pyr.tif,-6.75062,96.825512
M1260669909RC_pyr.tif,-6.750404,96.838535
M1260669909RC_pyr.tif,-6.750063,96.767435
M1260669909RC_pyr.tif,-6.749414,96.778834
M1260669909RC_pyr.tif,-6.749229,96.750145
M1260669909RC_pyr.tif,-6.749229,96.750941
M1260669909RC_pyr.tif,-6.748208,96.754157
M1260669909RC_pyr.tif,-6.747095,96.75715
M1260669909RC_pyr.tif,-6.747002,96.797715
M1260669909RC_pyr.tif,-6.746167,96.83239
M1260669909RC_pyr.tif,-6.745641,96.772052
M1260669909RC_pyr.tif,-6.745394,96.77635
M1260669909RC_pyr.tif,-6.745239,96.760207
M1260669909RC_pyr.tif,-6.745116,96.782304
M1260669909RC_pyr.tif,-6.744992,96.758997
M1260669909RC_pyr.tif,-6.744312,96.814113
M1260669909RC_pyr.tif,-6.744281,96.763837
M1260669909RC_pyr.tif,-6.743538,96.786571
M1260669909RC_pyr.tif,-6.742487,96.760016
M1260669909RC_pyr.tif,-6.742085,96.746738
M1260669909RC_pyr.tif,-6.741745,96.835097
M1260669909RC_pyr.tif,-6.741714,96.782846
M1260669909RC_pyr.tif,-6.741188,96.769186
M1260669909RC_pyr.tif,-6.741126,96.8272
M1260669909RC_pyr.tif,-6.740848,96.758679
M1260669909RC_pyr.tif,-6.740384,96.752915
M1260669909RC_pyr.tif,-6.739209,96.816342
M1260669909RC_pyr.tif,-6.73825,96.747598
M1260669909RC_pyr.tif,-6.737013,96.797811
M1260669909RC_pyr.tif,-6.736704,96.757914
M1260669909RC_pyr.tif,-6.736426,96.829301
M1260669909RC_pyr.tif,-6.735745,96.789628
M1260669909RC_pyr.tif,-6.735343,96.824716
M1260669909RC_pyr.tif,-6.734663,96.763741
M1260669909RC_pyr.tif,-6.734478,96.77272
M1260669909RC_pyr.tif,-6.734354,96.749572
M1260669909RC_pyr.tif,-6.733612,96.75317
M1260669909RC_pyr.tif,-6.733179,96.779025
M1260669909RC_pyr.tif,-6.732622,96.767849
M1260669909RC_pyr.tif,-6.731818,96.825767
M1260669909RC_pyr.tif,-6.731756,96.762595
M1260669909RC_pyr.tif,-6.731014,96.81631
M1260669909RC_pyr.tif,-6.730767,96.754858
M1260669909RC_pyr.tif,-6.730519,96.782336
M1260669909RC_pyr.tif,-6.730303,96.785648
M1260669909RC_pyr.tif,-6.730055,96.786858
M1260669909RC_pyr.tif,-6.729159,96.811694
M1260669909RC_pyr.tif,-6.728973,96.780171
M1260669909RC_pyr.tif,-6.728664,96.773357
M1260669909RC_pyr.tif,-6.72854,96.782527
M1260669909RC_pyr.tif,-6.728478,96.804943
M1260669909RC_pyr.tif,-6.728231,96.820545
M1260669909RC_pyr.tif,-6.727767,96.80367
M1260669909RC_pyr.tif,-6.726128,96.790105
M1260669909RC_pyr.tif,-6.726004,96.80125
M1260669909RC_pyr.tif,-6.725571,96.782241
M1260669909RC_pyr.tif,-6.725386,96.763773
M1260669909RC_pyr.tif,-6.724087,96.771383
M1260669909RC_pyr.tif,-6.723623,96.772338
M1260669909RC_pyr.tif,-6.722912,96.776287
M1260669909RC_pyr.tif,-6.722664,96.801536
M1260669909RC_pyr.tif,-6.722541,96.766511
M1260669909RC_pyr.tif,-6.722448,96.816279
M1260669909RC_pyr.tif,-6.722293,96.814209
M1260669909RC_pyr.tif,-6.722108,96.773325
M1260669909RC_pyr.tif,-6.721984,96.788641
M1260669909RC_pyr.tif,-6.721273,96.78154
M1260669909RC_pyr.tif,-6.720902,96.815546
M1260669909RC_pyr.tif,-6.720871,96.827709
M1260669909RC_pyr.tif,-6.719912,96.773707
M1260669909RC_pyr.tif,-6.71951,96.782336
M1260669909RC_pyr.tif,-6.719046,96.815514
M1260669909RC_pyr.tif,-6.719015,96.777114
M1260669909RC_pyr.tif,-6.718304,96.773453
M1260669909RC_pyr.tif,-6.718242,96.82927
M1260669909RC_pyr.tif,-6.717655,96.790519
M1260669909RC_pyr.tif,-6.71716,96.769536
M1260669909RC_pyr.tif,-6.716418,96.788131
M1260669909RC_pyr.tif,-6.71515,96.819908
M1260669909RC_pyr.tif,-6.714748,96.776796
M1260669909RC_pyr.tif,-6.71416,96.810452
M1260669909RC_pyr.tif,-6.714098,96.784852
M1260669909RC_pyr.tif,-6.713975,96.758488
M1260669909RC_pyr.tif,-6.713789,96.832581
M1260669909RC_pyr.tif,-6.713387,96.772211
M1260669909RC_pyr.tif,-6.712243,96.83325
M1260669909RC_pyr.tif,-6.711655,96.771956
M1260669909RC_pyr.tif,-6.711532,96.774981
M1260669909RC_pyr.tif,-6.711006,96.749317
M1260669909RC_pyr.tif,-6.710944,96.833536
M1260669909RC_pyr.tif,-6.709985,96.802078
M1260669909RC_pyr.tif,-6.709954,96.764569
M1260669909RC_pyr.tif,-6.709429,96.752438
M1260669909RC_pyr.tif,-6.708408,96.790997
M1260669909RC_pyr.tif,-6.70813,96.820991
M1260669909RC_pyr.tif,-6.708006,96.757309
M1260669909RC_pyr.tif,-6.707419,96.767371
M1260669909RC_pyr.tif,-6.707326,96.791698
M1260669909RC_pyr.tif,-6.705718,96.827232
M1260669909RC_pyr.tif,-6.705718,96.824748
M1260669909RC_pyr.tif,-6.704821,96.775682
M1260669909RC_pyr.tif,-6.704728,96.795805
M1260669909RC_pyr.tif,-6.703182,96.818062
M1260669909RC_pyr.tif,-6.702904,96.829238
M1260669909RC_pyr.tif,-6.702471,96.828092
M1260669909RC_pyr.tif,-6.7021,96.812171
M1260669909RC_pyr.tif,-6.7021,96.759347
M1260669909RC_pyr.tif,-6.700894,96.800263
M1260669909RC_pyr.tif,-6.700739,96.77928
M1260669909RC_pyr.tif,-6.700059,96.779248
M1260669909RC_pyr.tif,-6.699904,96.831594
M1260669909RC_pyr.tif,-6.699873,96.821214
M1260669909RC_pyr.tif,-6.699718,96.785202
M1260669909RC_pyr.tif,-6.699285,96.806599
M1260669909RC_pyr.tif,-6.6991,96.792844
M1260669909RC_pyr.tif,-6.698822,96.830257
M1260669909RC_pyr.tif,-6.698605,96.792685
M1260669909RC_pyr.tif,-6.697739,96.799148
M1260669909RC_pyr.tif,-6.697677,96.830894
M1260669909RC_pyr.tif,-6.697121,96.790488
M1260669909RC_pyr.tif,-6.696966,96.779853
M1260669909RC_pyr.tif,-6.696966,96.757246
M1260669909RC_pyr.tif,-6.696842,96.776732
M1260669909RC_pyr.tif,-6.695822,96.752024
M1260669909RC_pyr.tif,-6.694709,96.752565
M1260669909RC_pyr.tif,-6.694678,96.819558
M1260669909RC_pyr.tif,-6.694647,96.759061
M1260669909RC_pyr.tif,-6.693564,96.829047
M1260669909RC_pyr.tif,-6.693193,96.756704
M1260669909RC_pyr.tif,-6.693008,96.814304
M1260669909RC_pyr.tif,-6.692544,96.751578
M1260669909RC_pyr.tif,-6.691214,96.800677
M1260669909RC_pyr.tif,-6.69109,96.803574
M1260669909RC_pyr.tif,-6.69075,96.829301
M1260669909RC_pyr.tif,-6.690627,96.793321
M1260669909RC_pyr.tif,-6.69041,96.838981
M1260669909RC_pyr.tif,-6.690379,96.813413
M1260669909RC_pyr.tif,-6.690317,96.796283
M1260669909RC_pyr.tif,-6.689823,96.758456
M1260669909RC_pyr.tif,-6.689266,96.819813
M1260669909RC_pyr.tif,-6.689204,96.810006
M1260669909RC_pyr.tif,-6.688926,96.767244
M1260669909RC_pyr.tif,-6.687812,96.783737
M1260669909RC_pyr.tif,-6.687534,96.760111
M1260669909RC_pyr.tif,-6.687256,96.774503
M1260669909RC_pyr.tif,-6.687225,96.794404
M1260669909RC_pyr.tif,-6.686514,96.836975
M1260669909RC_pyr.tif,-6.686266,96.750973
M1260669909RC_pyr.tif,-6.686081,96.831371
M1260669909RC_pyr.tif,-6.685524,96.824239
M1260669909RC_pyr.tif,-6.685091,96.839236
M1260669909RC_pyr.tif,-6.684751,96.834046
M1260669909RC_pyr.tif,-6.684535,96.818189
M1260669909RC_pyr.tif,-6.684132,96.836625
M1260669909RC_pyr.tif,-6.68373,96.833186
M1260669909RC_pyr.tif,-6.683421,96.786603
M1260669909RC_pyr.tif,-6.682184,96.792907
M1260669909RC_pyr.tif,-6.681813,96.76648
M1260669909RC_pyr.tif,-6.681597,96.834492
M1260669909RC_pyr.tif,-6.681102,96.791952
M1260669909RC_pyr.tif,-6.680978,96.827582
M1260669909RC_pyr.tif,-6.680267,96.82529
M1260669909RC_pyr.tif,-6.680236,96.809751
M1260669909RC_pyr.tif,-6.679618,96.768326
M1260669909RC_pyr.tif,-6.679277,96.804211
M1260669909RC_pyr.tif,-6.679277,96.790583
M1260669909RC_pyr.tif,-6.678133,96.78638
M1260669909RC_pyr.tif,-6.677917,96.835288
M1260669909RC_pyr.tif,-6.677391,96.807013
M1260669909RC_pyr.tif,-6.676494,96.772593
M1260669909RC_pyr.tif,-6.67535,96.805994
M1260669909RC_pyr.tif,-6.674917,96.830161
M1260669909RC_pyr.tif,-6.673896,96.816565
M1260669909RC_pyr.tif,-6.673649,96.839522
M1260669909RC_pyr.tif,-6.673031,96.812203
M1260669909RC_pyr.tif,-6.672041,96.811662
M1260669909RC_pyr.tif,-6.671732,96.755717
M1260669909RC_pyr.tif,-6.67167,96.771829
M1260669909RC_pyr.tif,-6.671515,96.812585
M1260669909RC_pyr.tif,-6.671237,96.81112
M1260669909RC_pyr.tif,-6.670897,96.760334
M1233757731LC_pyr.tif,-2.192344,75.541139
M1233757731LC_pyr.tif,-2.188721,75.564565
M1233757731LC_pyr.tif,-2.163154,75.581252
M1233757731LC_pyr.tif,-2.157617,75.526121
M1233757731LC_pyr.tif,-2.145313,75.612122
M1233757731LC_pyr.tif,-2.143262,75.615716
M1233757731LC_pyr.tif,-2.138682,75.572651
M1233757731LC_pyr.tif,-2.130889,75.624059
M1233757731LC_pyr.tif,-2.128428,75.574256
M1233757731LC_pyr.tif,-2.123164,75.565977
M1233757731LC_pyr.tif,-2.105938,75.658652
M1233757731LC_pyr.tif,-2.105322,75.562062
M1233757731LC_pyr.tif,-2.103887,75.657048
M1233757731LC_pyr.tif,-2.102314,75.58292
M1233757731LC_pyr.tif,-2.100674,75.576502
M1233757731LC_pyr.tif,-2.097666,75.549418
M1233757731LC_pyr.tif,-2.097598,75.556221
M1233757731LC_pyr.tif,-2.097324,75.626113
M1233757731LC_pyr.tif,-2.095547,75.565784
M1233757731LC_pyr.tif,-2.09418,75.645239
M1233757731LC_pyr.tif,-2.086592,75.644661
M1233757731LC_pyr.tif,-2.070869,75.635098
M1233757731LC_pyr.tif,-2.065674,75.630542
M1233757731LC_pyr.tif,-2.063486,75.557505
M1233757731LC_pyr.tif,-2.059727,75.527405
M1233757731LC_pyr.tif,-2.048311,75.607052
M1233757731LC_pyr.tif,-2.043594,75.617513
M1233757731LC_pyr.tif,-2.02999,75.591392
M1233757731LC_pyr.tif,-2.024795,75.587605
M1233757731LC_pyr.tif,-2.020898,75.603586
M1233757731LC_pyr.tif,-2.018232,75.570277
M1233757731LC_pyr.tif,-2.005107,75.608528
M1233799944LC_pyr.tif,-1.609336,69.085824
M1233799944RC_pyr.tif,-1.609291,69.221769
M1233799944LC_pyr.tif,-1.609004,69.082038
M1233799944LC_pyr.tif,-1.608871,69.078636
M1233799944LC_pyr.tif,-1.608805,69.073887
M1233799944LC_pyr.tif,-1.608539,69.064709
M1233799944LC_pyr.tif,-1.608473,69.095772
M1233799944RC_pyr.tif,-1.608389,69.247954
M1233799944RC_pyr.tif,-1.608389,69.225427
M1233799944LC_pyr.tif,-1.607809,69.094745
M1233799944LC_pyr.tif,-1.607477,69.046931
M1233799944RC_pyr.tif,-1.607422,69.196675
M1233799944LC_pyr.tif,-1.60741,69.055917
M1233799944RC_pyr.tif,-1.607164,69.214709
M1233799944RC_pyr.tif,-1.607164,69.233578
M1233799944LC_pyr.tif,-1.607145,69.098018
M1233799944LC_pyr.tif,-1.607078,69.055467
M1233799944LC_pyr.tif,-1.606945,69.069009
M1233799944LC_pyr.tif,-1.606879,69.089996
M1233799944RC_pyr.tif,-1.606713,69.224336
M1233799944RC_pyr.tif,-1.606713,69.241921
M1233799944RC_pyr.tif,-1.606262,69.237172
M1233799944LC_pyr.tif,-1.606082,69.071769
M1233799944RC_pyr.tif,-1.606068,69.214645
M1233799944RC_pyr.tif,-1.605746,69.220678
M1233799944RC_pyr.tif,-1.605617,69.236209
M1233799944LC_pyr.tif,-1.605617,69.091986
M1233799944RC_pyr.tif,-1.605488,69.232487
M1233799944LC_pyr.tif,-1.605352,69.04937
M1233799944RC_pyr.tif,-1.604908,69.22793
M1233799944LC_pyr.tif,-1.604887,69.049049
M1233799944LC_pyr.tif,-1.604688,69.059446
M1233799944RC_pyr.tif,-1.604521,69.233
M1233799944RC_pyr.tif,-1.604457,69.220999
M1233799944LC_pyr.tif,-1.604422,69.079406
M1233799944LC_pyr.tif,-1.604422,69.073759
M1233799944RC_pyr.tif,-1.604393,69.211243
M1233799944RC_pyr.tif,-1.604264,69.236659
M1233799944RC_pyr.tif,-1.604199,69.229791
M1233799944RC_pyr.tif,-1.604199,69.227866
M1233799944LC_pyr.tif,-1.604023,69.09513
M1233799944LC_pyr.tif,-1.603957,69.068047
M1233799944RC_pyr.tif,-1.603877,69.239675
M1233799944LC_pyr.tif,-1.603691,69.09789
M1233799944RC_pyr.tif,-1.603555,69.246735
M1233799944RC_pyr.tif,-1.60349,69.21933
M1233799944RC_pyr.tif,-1.603426,69.216442
M1233799944RC_pyr.tif,-1.603361,69.244617
M1233799944RC_pyr.tif,-1.603232,69.206173
M1233799944LC_pyr.tif,-1.60316,69.054633
M1233799944RC_pyr.tif,-1.603039,69.211372
M1233799944RC_pyr.tif,-1.60291,69.224593
M1233799944RC_pyr.tif,-1.602781,69.239483
M1233799944RC_pyr.tif,-1.602652,69.191155
M1233799944LC_pyr.tif,-1.602629,69.071897
M1233799944LC_pyr.tif,-1.602629,69.045455
M1233799944LC_pyr.tif,-1.602297,69.070164
M1233799944RC_pyr.tif,-1.602266,69.214324
M1233799944LC_pyr.tif,-1.602098,69.083
M1233799944LC_pyr.tif,-1.601898,69.096606
M1233799944LC_pyr.tif,-1.601832,69.080497
M1233799944RC_pyr.tif,-1.601814,69.230754
M1233799944LC_pyr.tif,-1.601766,69.077609
M1233799944LC_pyr.tif,-1.601633,69.076197
M1233799944LC_pyr.tif,-1.601566,69.082551
M1233799944RC_pyr.tif,-1.601557,69.216249
M1233799944RC_pyr.tif,-1.601557,69.224465
M1233799944RC_pyr.tif,-1.601557,69.224914
M1233799944LC_pyr.tif,-1.6015,69.052387
M1233799944LC_pyr.tif,-1.6015,69.063875
M1233799944RC_pyr.tif,-1.601428,69.192888
M1233799944RC_pyr.tif,-1.601428,69.246221
M1233799944RC_pyr.tif,-1.601428,69.233642
M1233799944RC_pyr.tif,-1.601428,69.232423
M1233799944LC_pyr.tif,-1.601301,69.070806
M1233799944RC_pyr.tif,-1.601041,69.226647
M1233799944RC_pyr.tif,-1.600977,69.229406
M1233799944LC_pyr.tif,-1.60077,69.071705
M1233799944RC_pyr.tif,-1.600719,69.202836
M1233799944LC_pyr.tif,-1.600703,69.067597
M1233799944LC_pyr.tif,-1.60057,69.096286
M1233799944RC_pyr.tif,-1.600461,69.214196
M1233799944RC_pyr.tif,-1.600332,69.217597
M1233799944LC_pyr.tif,-1.600238,69.074529
M1233799944RC_pyr.tif,-1.600139,69.2416
M1233799944LC_pyr.tif,-1.599973,69.062655
M1233799944RC_pyr.tif,-1.599816,69.214517
M1233799944LC_pyr.tif,-1.599773,69.080048
M1233799944RC_pyr.tif,-1.599688,69.191284
M1233799944RC_pyr.tif,-1.599559,69.208034
M1233799944LC_pyr.tif,-1.599508,69.045199
M1233799944LC_pyr.tif,-1.599375,69.063361
M1233799944RC_pyr.tif,-1.599365,69.228508
M1233799944RC_pyr.tif,-1.599365,69.229535
M1233799944RC_pyr.tif,-1.599236,69.244938
M1233799944RC_pyr.tif,-1.59885,69.241472
M1233799944RC_pyr.tif,-1.598785,69.194878
M1233799944LC_pyr.tif,-1.598645,69.06779
M1233799944LC_pyr.tif,-1.598645,69.045905
M1233799944LC_pyr.tif,-1.598578,69.086081
M1233799944RC_pyr.tif,-1.598463,69.213297
M1233799944LC_pyr.tif,-1.598445,69.081011
M1233799944RC_pyr.tif,-1.598334,69.205403
M1233799944LC_pyr.tif,-1.598313,69.04629
M1233799944RC_pyr.tif,-1.598205,69.209575
M1233799944RC_pyr.tif,-1.598205,69.219458
M1233799944RC_pyr.tif,-1.598076,69.201488
M1233799944RC_pyr.tif,-1.598076,69.207393
M1233799944LC_pyr.tif,-1.598047,69.056045
M1233799944RC_pyr.tif,-1.598012,69.202772
M1233799944RC_pyr.tif,-1.598012,69.239547
M1233799944LC_pyr.tif,-1.597914,69.094232
M1233799944RC_pyr.tif,-1.597238,69.200012
M1233799944LC_pyr.tif,-1.597117,69.068817
M1233799944LC_pyr.tif,-1.596984,69.088071
M1233799944LC_pyr.tif,-1.596918,69.080176
M1233799944RC_pyr.tif,-1.596658,69.21933
M1233799944RC_pyr.tif,-1.596594,69.200975
M1233799944LC_pyr.tif,-1.596387,69.090638
M1233799944RC_pyr.tif,-1.596143,69.203991
M1233799944LC_pyr.tif,-1.595656,69.085632
M1233799944LC_pyr.tif,-1.595523,69.059382
M1233799944LC_pyr.tif,-1.595457,69.092499
M1233799944LC_pyr.tif,-1.595457,69.045006
M1233799944RC_pyr.tif,-1.595176,69.203157
M1233799944LC_pyr.tif,-1.595059,69.050718
M1233799944RC_pyr.tif,-1.595047,69.215672
M1233799944LC_pyr.tif,-1.594859,69.064966
M1233799944RC_pyr.tif,-1.594789,69.225042
M1233799944RC_pyr.tif,-1.59466,69.233065
M1233799944LC_pyr.tif,-1.594527,69.056045
M1233799944RC_pyr.tif,-1.594338,69.192439
M1233799944LC_pyr.tif,-1.594328,69.0529
M1233799944LC_pyr.tif,-1.594262,69.071576
M1233799944RC_pyr.tif,-1.594209,69.231909
M1233799944LC_pyr.tif,-1.594195,69.057008
M1233799944LC_pyr.tif,-1.594063,69.058484
M1233799944LC_pyr.tif,-1.593863,69.070999
M1233799944RC_pyr.tif,-1.593822,69.223181
M1233799944RC_pyr.tif,-1.593822,69.211372
M1233799944RC_pyr.tif,-1.593822,69.230626
M1233799944LC_pyr.tif,-1.593797,69.043337
M1233799944LC_pyr.tif,-1.593598,69.0873
M1233799944RC_pyr.tif,-1.593564,69.19077
M1233799944RC_pyr.tif,-1.5935,69.245066
M1233799944LC_pyr.tif,-1.593199,69.079663
M1233799944LC_pyr.tif,-1.593133,69.077417
M1233799944RC_pyr.tif,-1.593113,69.191155
M1233799944LC_pyr.tif,-1.592934,69.060858
M1233799944LC_pyr.tif,-1.592734,69.065544
M1233799944LC_pyr.tif,-1.592469,69.071448
M1233799944LC_pyr.tif,-1.592402,69.070036
M1233799944RC_pyr.tif,-1.592082,69.217469
M1233799944LC_pyr.tif,-1.59207,69.087621
M1233799944LC_pyr.tif,-1.591871,69.08223
M1233799944RC_pyr.tif,-1.591695,69.231974
M1233799944RC_pyr.tif,-1.591631,69.20059
M1233799944LC_pyr.tif,-1.591473,69.079856
M1233799944LC_pyr.tif,-1.591141,69.051937
M1233799944RC_pyr.tif,-1.590986,69.2373
M1233799944RC_pyr.tif,-1.590857,69.215864
M1233799944RC_pyr.tif,-1.590729,69.234348
M1233799944LC_pyr.tif,-1.590543,69.085953
M1233799944LC_pyr.tif,-1.590277,69.077096
M1233799944LC_pyr.tif,-1.590012,69.078508
M1233799944RC_pyr.tif,-1.589762,69.203221
M1233799944RC_pyr.tif,-1.589762,69.214132
M1233799944LC_pyr.tif,-1.589547,69.052515
M1233799944LC_pyr.tif,-1.58948,69.046611
M1233799944LC_pyr.tif,-1.589348,69.077866
M1233799944LC_pyr.tif,-1.589281,69.059639
M1233799944LC_pyr.tif,-1.589215,69.099302
M1233799944LC_pyr.tif,-1.589148,69.058548
M1233799944LC_pyr.tif,-1.589082,69.079599
M1233799944LC_pyr.tif,-1.588816,69.066955
M1233799944RC_pyr.tif,-1.588795,69.198536
M1233799944LC_pyr.tif,-1.58875,69.099366
M1233799944RC_pyr.tif,-1.58873,69.20566
M1233799944RC_pyr.tif,-1.58873,69.205211
M1233799944LC_pyr.tif,-1.588684,69.083
M1233799944LC_pyr.tif,-1.588684,69.068432
M1233799944LC_pyr.tif,-1.588551,69.062784
M1233799944RC_pyr.tif,-1.588537,69.196546
M1233799944LC_pyr.tif,-1.588484,69.089354
M1233799944LC_pyr.tif,-1.588285,69.088327
M1233799944LC_pyr.tif,-1.588086,69.053542
M1233799944RC_pyr.tif,-1.588021,69.209832
M1233799944RC_pyr.tif,-1.587957,69.201617
M1233799944LC_pyr.tif,-1.587953,69.053157
M1233799944RC_pyr.tif,-1.587828,69.19154
M1233799944RC_pyr.tif,-1.587699,69.233514
M1233799944LC_pyr.tif,-1.587422,69.079535
M1233799944RC_pyr.tif,-1.587313,69.236851
M1233799944LC_pyr.tif,-1.587289,69.064838
M1233799944RC_pyr.tif,-1.587248,69.22087
M1233799944RC_pyr.tif,-1.587055,69.221769
M1233799944RC_pyr.tif,-1.586926,69.219266
M1233799944LC_pyr.tif,-1.586891,69.093141
M1233799944RC_pyr.tif,-1.586861,69.247312
M1233799944RC_pyr.tif,-1.586797,69.205275
M1233799944RC_pyr.tif,-1.586732,69.210152
M1233799944LC_pyr.tif,-1.586691,69.044942
M1233799944RC_pyr.tif,-1.586539,69.212976
M1233799944RC_pyr.tif,-1.586346,69.20842
M1233799944LC_pyr.tif,-1.586293,69.053414
M1233799944LC_pyr.tif,-1.586094,69.052387
M1233799944LC_pyr.tif,-1.585629,69.095066
M1233799944RC_pyr.tif,-1.585379,69.232423
M1233799944LC_pyr.tif,-1.585363,69.090124
M1233799944LC_pyr.tif,-1.585164,69.091472
M1233799944RC_pyr.tif,-1.585121,69.227802
M1233799944RC_pyr.tif,-1.584992,69.220614
M1233799944RC_pyr.tif,-1.584992,69.21227
M1233799944LC_pyr.tif,-1.584965,69.078251
M1233799944LC_pyr.tif,-1.584898,69.08653
M1233799944RC_pyr.tif,-1.584734,69.195776
M1233799944RC_pyr.tif,-1.584605,69.192567
M1233799944RC_pyr.tif,-1.584605,69.244296
M1233799944RC_pyr.tif,-1.584541,69.231909
M1233799944RC_pyr.tif,-1.584541,69.202515
M1233799944RC_pyr.tif,-1.584412,69.232038
M1233799944LC_pyr.tif,-1.584168,69.079085
M1233799944RC_pyr.tif,-1.584154,69.22132
M1233799944LC_pyr.tif,-1.584102,69.059575
M1233799944RC_pyr.tif,-1.584025,69.195263
M1233799944LC_pyr.tif,-1.583902,69.054826
M1233799944LC_pyr.tif,-1.583902,69.099045
M1233799944LC_pyr.tif,-1.583637,69.068432
M1233799944LC_pyr.tif,-1.583637,69.050654
M1233799944RC_pyr.tif,-1.58351,69.200012
M1233799944RC_pyr.tif,-1.58351,69.227481
M1233799944LC_pyr.tif,-1.583371,69.095708
M1233799944RC_pyr.tif,-1.583252,69.220357
M1233799944LC_pyr.tif,-1.583105,69.094681
M1233799944RC_pyr.tif,-1.583059,69.214709
M1233799944LC_pyr.tif,-1.582906,69.081588
M1233799944RC_pyr.tif,-1.582479,69.241729
M1233799944LC_pyr.tif,-1.582242,69.068432
M1233799944RC_pyr.tif,-1.582156,69.208484
M1233799944LC_pyr.tif,-1.582109,69.055531
M1233799944RC_pyr.tif,-1.582027,69.24911
M1233799944RC_pyr.tif,-1.581963,69.202643
M1233799944RC_pyr.tif,-1.581963,69.21227
M1233799944RC_pyr.tif,-1.58177,69.246542
M1233799944LC_pyr.tif,-1.581645,69.060987
M1233799944LC_pyr.tif,-1.581512,69.04629
M1233799944RC_pyr.tif,-1.581254,69.229342
M1233799944RC_pyr.tif,-1.581125,69.225684
M1233799944LC_pyr.tif,-1.581113,69.07793
M1233799944RC_pyr.tif,-1.580932,69.243783
M1233799944LC_pyr.tif,-1.580914,69.050461
M1233799944LC_pyr.tif,-1.580848,69.062014
M1233799944LC_pyr.tif,-1.580582,69.074914
M1233799944LC_pyr.tif,-1.580449,69.065544
M1233799944LC_pyr.tif,-1.580383,69.079535
M1233799944LC_pyr.tif,-1.580184,69.093141
M1233799944LC_pyr.tif,-1.579984,69.072411
M1233799944LC_pyr.tif,-1.579984,69.047958
M1233799944LC_pyr.tif,-1.579918,69.088969
M1233799944LC_pyr.tif,-1.579918,69.086209
M1233799944RC_pyr.tif,-1.5799,69.195584
M1233799944LC_pyr.tif,-1.579852,69.047702
M1233799944LC_pyr.tif,-1.579785,69.09911
M1233799944LC_pyr.tif,-1.579785,69.056943
M1233799944RC_pyr.tif,-1.579707,69.211629
M1233799944RC_pyr.tif,-1.579578,69.242627
M1233799944RC_pyr.tif,-1.579449,69.242499
M1233799944RC_pyr.tif,-1.579449,69.232423
M1233799944LC_pyr.tif,-1.579254,69.083706
M1233799944LC_pyr.tif,-1.579254,69.096799
M1233799944LC_pyr.tif,-1.579188,69.067982
M1233799944RC_pyr.tif,-1.578998,69.225491
M1233799944LC_pyr.tif,-1.578988,69.076839
M1233799944RC_pyr.tif,-1.578934,69.239162
M1233799944LC_pyr.tif,-1.578922,69.061243
M1233799944RC_pyr.tif,-1.578805,69.232359
M1233799944RC_pyr.tif,-1.57874,69.226582
M1233799944LC_pyr.tif,-1.578457,69.058227
M1233799944LC_pyr.tif,-1.578391,69.048664
M1233799944RC_pyr.tif,-1.578096,69.191155
M1233799944RC_pyr.tif,-1.577967,69.242692
M1233799944LC_pyr.tif,-1.577926,69.045519
M1233799944LC_pyr.tif,-1.577859,69.076197
M1233799944LC_pyr.tif,-1.57766,69.07132
M1233799944RC_pyr.tif,-1.57758,69.196097
M1233799944LC_pyr.tif,-1.577461,69.046739
M1233799944LC_pyr.tif,-1.577395,69.065415
M1233799944RC_pyr.tif,-1.577387,69.245772
M1233799944RC_pyr.tif,-1.577258,69.214773
M1233799944LC_pyr.tif,-1.577195,69.056558
M1233799944RC_pyr.tif,-1.577129,69.201231
M1233799944LC_pyr.tif,-1.576996,69.071576
M1233799944RC_pyr.tif,-1.576871,69.232102
M1233799944LC_pyr.tif,-1.576863,69.063297
M1233799944LC_pyr.tif,-1.576797,69.075812
M1233799944RC_pyr.tif,-1.576742,69.237686
M1233799944LC_pyr.tif,-1.57673,69.074465
M1233799944LC_pyr.tif,-1.576266,69.051873
M1233799944RC_pyr.tif,-1.576227,69.194557
M1233799944LC_pyr.tif,-1.576199,69.077609
M1233799944LC_pyr.tif,-1.576133,69.088905
M1233799944LC_pyr.tif,-1.576133,69.04353
M1233799944RC_pyr.tif,-1.576033,69.211308
M1233799944LC_pyr.tif,-1.576,69.074978
M1233799944LC_pyr.tif,-1.575734,69.098532
M1233799944LC_pyr.tif,-1.575668,69.046482
M1233799944LC_pyr.tif,-1.575668,69.081075
M1233799944RC_pyr.tif,-1.575518,69.240124
M1233799944RC_pyr.tif,-1.575453,69.229342
M1233799944LC_pyr.tif,-1.575336,69.085503
M1233799944LC_pyr.tif,-1.57527,69.071384
M1233799944LC_pyr.tif,-1.575203,69.074336
M1233799944RC_pyr.tif,-1.575195,69.201681
M1233799944RC_pyr.tif,-1.574744,69.215415
M1233799944RC_pyr.tif,-1.574615,69.189166
M1233799944LC_pyr.tif,-1.574539,69.0615
M1233799944RC_pyr.tif,-1.573777,69.213426
M1233799944LC_pyr.tif,-1.573742,69.092692
M1233799944LC_pyr.tif,-1.573742,69.100265
M1233799944LC_pyr.tif,-1.573676,69.068303
M1233799944LC_pyr.tif,-1.573477,69.044172
M1233799944RC_pyr.tif,-1.573391,69.191925
M1233799944LC_pyr.tif,-1.573211,69.049499
M1233799944LC_pyr.tif,-1.573012,69.050397
M1233799944LC_pyr.tif,-1.573012,69.04231
M1233799944LC_pyr.tif,-1.572945,69.093012
M1233799944RC_pyr.tif,-1.572811,69.222282
M1233799944RC_pyr.tif,-1.572746,69.21349
M1233799944RC_pyr.tif,-1.572488,69.218945
M1233799944RC_pyr.tif,-1.572359,69.211885
M1233799944LC_pyr.tif,-1.572082,69.051039
M1233799944LC_pyr.tif,-1.572082,69.067726
M1233799944LC_pyr.tif,-1.571883,69.056815
M1233799944RC_pyr.tif,-1.571844,69.196482
M1233799944LC_pyr.tif,-1.571816,69.077738
M1233799944LC_pyr.tif,-1.571617,69.076903
M1233799944RC_pyr.tif,-1.571586,69.212142
M1233799944LC_pyr.tif,-1.571418,69.082359
M1233799944RC_pyr.tif,-1.571135,69.207264
M1233799944LC_pyr.tif,-1.571086,69.045648
M1233799944LC_pyr.tif,-1.571086,69.052515
M1233799944LC_pyr.tif,-1.57082,69.056943
M1233799944LC_pyr.tif,-1.570488,69.057521
M1233799944RC_pyr.tif,-1.56991,69.241536
M1233799944LC_pyr.tif,-1.569891,69.058099
M1233799944RC_pyr.tif,-1.569652,69.196996
M1233799944LC_pyr.tif,-1.569559,69.073309
M1233799944LC_pyr.tif,-1.569426,69.046611
M1233799944RC_pyr.tif,-1.569395,69.217341
M1233799944LC_pyr.tif,-1.56916,69.051488
M1233799944LC_pyr.tif,-1.569094,69.069009
M1233799944LC_pyr.tif,-1.568563,69.089611
M1233799944LC_pyr.tif,-1.56843,69.055082
M1233799944RC_pyr.tif,-1.568299,69.248275
M1233799944LC_pyr.tif,-1.567965,69.065287
M1233799944LC_pyr.tif,-1.567832,69.087493
M1233799944RC_pyr.tif,-1.567654,69.242114
M1233799944RC_pyr.tif,-1.567461,69.213811
M1233799944LC_pyr.tif,-1.567234,69.089162
M1233799944LC_pyr.tif,-1.567168,69.062976
M1233799944LC_pyr.tif,-1.567102,69.08345
M1233799944RC_pyr.tif,-1.567074,69.219972
M1233799944LC_pyr.tif,-1.566902,69.063554
M1233799944RC_pyr.tif,-1.566881,69.24911
M1233799944RC_pyr.tif,-1.566688,69.20643
M1233799944LC_pyr.tif,-1.566637,69.074785
M1233799944LC_pyr.tif,-1.566637,69.071384
M1233799944RC_pyr.tif,-1.566623,69.222347
M1233799944RC_pyr.tif,-1.566559,69.202066
M1233799944RC_pyr.tif,-1.56643,69.205339
M1233799944LC_pyr.tif,-1.566371,69.047188
M1233799944LC_pyr.tif,-1.566305,69.064645
M1233799944LC_pyr.tif,-1.566305,69.054055
M1233799944RC_pyr.tif,-1.566301,69.18923
M1233799944RC_pyr.tif,-1.566236,69.20014
M1233799944RC_pyr.tif,-1.566172,69.196867
M1233799944RC_pyr.tif,-1.565979,69.217597
M1233799944RC_pyr.tif,-1.565914,69.240253
M1233799944LC_pyr.tif,-1.565707,69.070164
M1233799944LC_pyr.tif,-1.565375,69.094232
M1233799944RC_pyr.tif,-1.56527,69.195905
M1233799944RC_pyr.tif,-1.565076,69.229278
M1233799944LC_pyr.tif,-1.565043,69.096093
M1233799944LC_pyr.tif,-1.56491,69.075491
M1233799944LC_pyr.tif,-1.56491,69.039872
M1233799944LC_pyr.tif,-1.56491,69.049178
M1233799944RC_pyr.tif,-1.564883,69.199948
M1233799944LC_pyr.tif,-1.564844,69.090124
M1233799944LC_pyr.tif,-1.564711,69.054761
M1233799944RC_pyr.tif,-1.564496,69.227673
M1233799944LC_pyr.tif,-1.564445,69.097248
M1233799944RC_pyr.tif,-1.564432,69.247505
M1233799944LC_pyr.tif,-1.564047,69.100072
M1233799944LC_pyr.tif,-1.563914,69.085696
M1233799944LC_pyr.tif,-1.563914,69.039807
M1233799944RC_pyr.tif,-1.563852,69.227096
M1233799944RC_pyr.tif,-1.563465,69.226005
M1233799944LC_pyr.tif,-1.563316,69.075299
M1233799944LC_pyr.tif,-1.562785,69.078251
M1233799944RC_pyr.tif,-1.562691,69.244424
M1233799944RC_pyr.tif,-1.562563,69.193915
M1233799944LC_pyr.tif,-1.56252,69.066955
M1233799944LC_pyr.tif,-1.562453,69.066635
M1233799944LC_pyr.tif,-1.56232,69.047702
M1233799944RC_pyr.tif,-1.562047,69.232487
M1233799944RC_pyr.tif,-1.561918,69.191797
M1233799944LC_pyr.tif,-1.561855,69.087557
M1233799944LC_pyr.tif,-1.561789,69.063426
M1233799944RC_pyr.tif,-1.561596,69.250201
M1233799944RC_pyr.tif,-1.561531,69.197316
M1233799944LC_pyr.tif,-1.561457,69.09789
M1233799944RC_pyr.tif,-1.561145,69.245002
M1233799944LC_pyr.tif,-1.561125,69.053542
M1233799944LC_pyr.tif,-1.560793,69.044493
M1233799944LC_pyr.tif,-1.560727,69.051488
M1233799944LC_pyr.tif,-1.560594,69.056366
M1233799944RC_pyr.tif,-1.560307,69.221448
M1233799944RC_pyr.tif,-1.559984,69.217405
M1233799944RC_pyr.tif,-1.559855,69.202964
M1233799944LC_pyr.tif,-1.559797,69.060024
M1233799944RC_pyr.tif,-1.559791,69.194813
M1233799944LC_pyr.tif,-1.559598,69.071512
M1233799944RC_pyr.tif,-1.559533,69.218239
M1233799944RC_pyr.tif,-1.559533,69.203028
M1233799944RC_pyr.tif,-1.55876,69.229599
M1233799944RC_pyr.tif,-1.55876,69.243398
M1233799944LC_pyr.tif,-1.558668,69.060858
M1233799944RC_pyr.tif,-1.55818,69.24083
M1233799944LC_pyr.tif,-1.558137,69.077224
M1233799944RC_pyr.tif,-1.558115,69.202772
M1233799944RC_pyr.tif,-1.558051,69.229535
M1233799944LC_pyr.tif,-1.557937,69.04353
M1233799944LC_pyr.tif,-1.557805,69.085311
M1233799944LC_pyr.tif,-1.557672,69.091023
M1233799944RC_pyr.tif,-1.557664,69.24635
M1233799944RC_pyr.tif,-1.5576,69.23268
M1233799944RC_pyr.tif,-1.5576,69.226647
M1233799944LC_pyr.tif,-1.557473,69.083771
M1233799944RC_pyr.tif,-1.557277,69.245066
M1233799944RC_pyr.tif,-1.557213,69.237621
M1233799944RC_pyr.tif,-1.557148,69.22517
M1233799944RC_pyr.tif,-1.556891,69.220485
M1233799944RC_pyr.tif,-1.556826,69.21073
M1233799944LC_pyr.tif,-1.556809,69.078957
M1233799944LC_pyr.tif,-1.556477,69.093012
M1233799944LC_pyr.tif,-1.556211,69.070742
M1233799944LC_pyr.tif,-1.556211,69.083257
M1233799944LC_pyr.tif,-1.556078,69.076647
M1233799944LC_pyr.tif,-1.555215,69.089611
M1233799944RC_pyr.tif,-1.55515,69.221127
M1233799944RC_pyr.tif,-1.555021,69.195776
M1233799944LC_pyr.tif,-1.555016,69.079856
M1233799944LC_pyr.tif,-1.554883,69.076454
M1233799944LC_pyr.tif,-1.554816,69.0658
M1233799944LC_pyr.tif,-1.55475,69.05797
M1233799944LC_pyr.tif,-1.55475,69.076069
M1233799944LC_pyr.tif,-1.554551,69.086787
M1233799944RC_pyr.tif,-1.554506,69.218881
M1233799944RC_pyr.tif,-1.554184,69.243398
M1233799944RC_pyr.tif,-1.554184,69.205531
M1233799944LC_pyr.tif,-1.554086,69.072603
M1233799944LC_pyr.tif,-1.55402,69.083771
M1233799944RC_pyr.tif,-1.553926,69.226262
M1233799944RC_pyr.tif,-1.553797,69.237108
M1233799944LC_pyr.tif,-1.553754,69.080947
M1233799944RC_pyr.tif,-1.553668,69.203221
M1233799944LC_pyr.tif,-1.553555,69.043722
M1233799944LC_pyr.tif,-1.553555,69.043722
M1233799944RC_pyr.tif,-1.553539,69.217533
M1233799944RC_pyr.tif,-1.553539,69.245901
M1233799944RC_pyr.tif,-1.553346,69.230048
M1233799944RC_pyr.tif,-1.553217,69.196161
M1233799944RC_pyr.tif,-1.553088,69.189037
M1233799944RC_pyr.tif,-1.553023,69.212206
M1233799944RC_pyr.tif,-1.552959,69.243911
M1233799944RC_pyr.tif,-1.552701,69.210858
M1233799944LC_pyr.tif,-1.552625,69.045327
M1233799944LC_pyr.tif,-1.552625,69.083321
M1233799944LC_pyr.tif,-1.552625,69.079342
M1233799944LC_pyr.tif,-1.552426,69.046354
M1233799944RC_pyr.tif,-1.55225,69.206815
M1233799944LC_pyr.tif,-1.552227,69.100714
M1233799944LC_pyr.tif,-1.552094,69.092435
M1233799944LC_pyr.tif,-1.552027,69.065544
M1233799944LC_pyr.tif,-1.551895,69.056494
M1233799944LC_pyr.tif,-1.551629,69.075556
M1233799944LC_pyr.tif,-1.551496,69.074336
M1233799944LC_pyr.tif,-1.551297,69.045905
M1233799944RC_pyr.tif,-1.551154,69.196546
M1233799944LC_pyr.tif,-1.551031,69.04353
M1233799944RC_pyr.tif,-1.550896,69.227032
M1233799944RC_pyr.tif,-1.550896,69.239803
M1233799944RC_pyr.tif,-1.550445,69.203028
M1233799944RC_pyr.tif,-1.54993,69.22055
M1233799944RC_pyr.tif,-1.549801,69.230497
M1233799944RC_pyr.tif,-1.549801,69.247826
M1233799944RC_pyr.tif,-1.549672,69.235183
M1233799944RC_pyr.tif,-1.549285,69.193402
M1233799944LC_pyr.tif,-1.549238,69.07793
M1233799944LC_pyr.tif,-1.549039,69.062206
M1233799944LC_pyr.tif,-1.548906,69.085183
M1233799944LC_pyr.tif,-1.54884,69.081268
M1233799944RC_pyr.tif,-1.54877,69.248404
M1233799944RC_pyr.tif,-1.54877,69.202579
M1233799944LC_pyr.tif,-1.548574,69.093462
M1233799944LC_pyr.tif,-1.548441,69.086017
M1233799944LC_pyr.tif,-1.548043,69.040193
M1233799944LC_pyr.tif,-1.547645,69.047509
M1233799944LC_pyr.tif,-1.547645,69.066314
M1233799944LC_pyr.tif,-1.547512,69.075235
M1233799944LC_pyr.tif,-1.547379,69.072667
M1233799944LC_pyr.tif,-1.547246,69.084348
M1233799944LC_pyr.tif,-1.546914,69.08698
M1233799944LC_pyr.tif,-1.546848,69.046482
M1233799944RC_pyr.tif,-1.546836,69.199691
M1233799944RC_pyr.tif,-1.546771,69.203157
M1233799944RC_pyr.tif,-1.546707,69.236402
M1233799944RC_pyr.tif,-1.546514,69.239611
M1233799944RC_pyr.tif,-1.546385,69.247441
M1233799944LC_pyr.tif,-1.546117,69.05014
M1233799944LC_pyr.tif,-1.545785,69.065351
M1233799944LC_pyr.tif,-1.545387,69.093975
M1233799944LC_pyr.tif,-1.544789,69.088969
M1233799944LC_pyr.tif,-1.544656,69.076262
M1233799944LC_pyr.tif,-1.544656,69.039679
M1233799944LC_pyr.tif,-1.544523,69.100907
M1233799944LC_pyr.tif,-1.544457,69.064388
M1233799944LC_pyr.tif,-1.544324,69.066249
M1184355432RC_pyr.tif,-0.689033,72.125994
M1184355432RC_pyr.tif,-0.673457,72.103767
M1184355432RC_pyr.tif,-0.672884,72.077548
M1184355432RC_pyr.tif,-0.664577,72.108131
M1184355432RC_pyr.tif,-0.652331,72.110195
M1184355432RC_pyr.tif,-0.649215,72.113713
M1184355432RC_pyr.tif,-0.64542,72.11686
M1184355432RC_pyr.tif,-0.645169,72.103902
M1184355432RC_pyr.tif,-0.644596,72.074876
M1184355432RC_pyr.tif,-0.644274,72.13046
M1184355432RC_pyr.tif,-0.642842,72.12075
M1184355432RC_pyr.tif,-0.642699,72.121596
M1184355432RC_pyr.tif,-0.634499,72.114525
M1184355432RC_pyr.tif,-0.628125,72.077176
M1184355432RC_pyr.tif,-0.618743,72.119735
M1184355432RC_pyr.tif,-0.618421,72.125487
M1184355432RC_pyr.tif,-0.617454,72.131982
M1184355432RC_pyr.tif,-0.617383,72.079849
M1184355432RC_pyr.tif,-0.617275,72.070038
M1184355432RC_pyr.tif,-0.616165,72.066418
M1184355432RC_pyr.tif,-0.615091,72.096494
M1184355432RC_pyr.tif,-0.614661,72.098185
M1184355432RC_pyr.tif,-0.612656,72.093212
M1184355432RC_pyr.tif,-0.612155,72.093652
M1184355432RC_pyr.tif,-0.609541,72.118517
M1184355432RC_pyr.tif,-0.608789,72.083705
M1184355432RC_pyr.tif,-0.607679,72.121528
M1184355432RC_pyr.tif,-0.6075,72.084957
M1184355432RC_pyr.tif,-0.605566,72.10874
M1184355432RC_pyr.tif,-0.603597,72.078496
M1184355432RC_pyr.tif,-0.60306,72.062832
M1184355432RC_pyr.tif,-0.602738,72.117502
M1184355432RC_pyr.tif,-0.599622,72.112293
M1184355432RC_pyr.tif,-0.598512,72.043481
M1184355432RC_pyr.tif,-0.596257,72.124269
M1184355432RC_pyr.tif,-0.593356,72.104884
M1184355432RC_pyr.tif,-0.592926,72.092129
M1184355432RC_pyr.tif,-0.584261,72.105899
M1184355432RC_pyr.tif,-0.58333,72.114424
