robins_lat,robins_long
-6.80002,28.5334
-6.79992,74.5423
-6.7998,204.116
-6.79976,167.49
-6.79975,138.161
-6.79967,161.472
-6.79951,358.881
-6.79945,47.8684
-6.7994,1.68735
-6.79938,30.4846
-6.7993,242.582
-6.79929,7.92333
-6.79918,125.606
-6.79917,341.503
-6.79898,68.9091
-6.79892,356.261
-6.79841,255.073
-6.79811,23.1119
-6.79802,222.916
-6.798,279.948
-6.79799,7.20347
-6.79799,98.6935
-6.79794,120.747
-6.79772,296.715
-6.79768,77.5539
-6.79767,286.074
-6.79765,187.733
-6.79749,266.05
-6.79743,127.75
-6.79741,102.237
-6.79723,68.5017
-6.79722,202.796
-6.79702,192.545
-6.79696,93.4499
-6.79691,345.919
-6.7969,209.833
-6.79688,254.259
-6.79634,72.0251
-6.79621,33.4917
-6.79621,166.66
-6.79619,71.6975
-6.79612,64.6838
-6.79609,80.3361
-6.79609,162.353
-6.79605,125.845
-6.79592,213.333
-6.79592,194.051
-6.79574,77.6778
-6.79562,271.503
-6.79552,53.7615
-6.79543,14.4457
-6.79533,172.343
-6.79528,331.182
-6.79518,251.246
-6.79503,208.668
-6.79493,102.301
-6.79463,162.299
-6.79437,72.8614
-6.79434,30.6363
-6.79426,195.024
-6.79424,221.641
-6.79423,186.576
-6.79412,70.7044
-6.79409,90.0233
-6.79397,272.787
-6.79381,101.363
-6.79356,169.503
-6.79339,181.235
-6.79338,161.743
-6.7932,165.339
-6.79319,166.854
-6.79311,98.847
-6.79307,344.926
-6.79304,286.876
-6.79291,126.418
-6.7929,48.2915
-6.79286,71.5046
-6.79285,74.6805
-6.79282,98.2688
-6.79272,207.253
-6.79258,295.029
-6.79253,8.04883
-6.79245,231.005
-6.79234,109.762
-6.79229,157.385
-6.79216,204.237
-6.79201,125.298
-6.79184,124.079
-6.7918,147.411
-6.79158,22.2904
-6.79137,157.039
-6.79128,72.9648
-6.79127,100.1
-6.79122,24.1421
-6.79099,113.911
-6.79098,38.032
-6.79088,167.263
-6.79081,145.04
-6.79078,28.8431
-6.79038,66.2647
-6.7901,341.652
-6.79006,92.83
-6.78999,142.142
-6.78979,29.5226
-6.78978,167.184
-6.78964,176.881
-6.78956,79.5461
-6.78953,99.3489
-6.78951,1.44539
-6.78945,101.221
-6.78934,143.62
-6.7892,35.7422
-6.78918,99.9276
-6.78917,33.5964
-6.78914,205.762
-6.78906,143.231
-6.78892,63.8742
-6.7889,264.792
-6.78876,19.3584
-6.78854,116.709
-6.78853,208.31
-6.78843,142.683
-6.78836,205.892
-6.78824,66.5011
-6.78824,122.564
-6.78823,183.756
-6.7879,354.567
-6.78771,68.7948
-6.78757,137.881
-6.78756,147.882
-6.78742,301.101
-6.7874,213.141
-6.7873,341.574
-6.78718,193.034
-6.78717,301.553
-6.78707,168.423
-6.78695,153.609
-6.78685,148.83
-6.78681,101.558
-6.78665,94.4844
-6.78661,37.3091
-6.78658,226.27
-6.78647,8.35894
-6.78642,45.91
-6.7864,137.075
-6.78639,37.5343
-6.78637,136.621
-6.78632,289.87
-6.78617,100.723
-6.78616,300.664
-6.78613,184.599
-6.78612,77.4703
-6.78598,142.556
-6.78598,115.598
-6.78586,298.011
-6.78586,166.334
-6.78584,231.536
-6.7858,164.603
-6.78571,273.206
-6.78563,144.549
-6.78557,280.496
-6.78537,359.191
-6.78536,124.142
-6.78528,118.72
-6.78524,67.8047
-6.78518,124.312
-6.78503,244.772
-6.78498,237.542
-6.78475,72.6475
-6.78473,80.968
-6.78464,40.9608
-6.78462,56.3577
-6.7844,189.27
-6.78437,136.962
-6.78423,286.331
-6.78414,19.0684
-6.78412,30.3748
-6.78394,299.424
-6.78388,1.599
-6.78387,258.001
-6.78384,233.639
-6.78379,141.155
-6.78377,38.2429
-6.78337,83.2921
-6.78332,216.428
-6.78323,223.962
-6.783,74.0627
-6.78298,174.006
-6.78286,115.179
-6.78279,358.475
-6.78268,142.479
-6.78255,178.112
-6.78249,2.65332
-6.78238,113.709
-6.78232,161.377
-6.78202,219.938
-6.782,150.367
-6.78199,174.828
-6.78159,242.355
-6.78157,209.738
-6.78157,333.401
-6.78153,27.612
-6.78151,269.202
-6.78137,29.2188
-6.78131,119.775
-6.78129,356.064
-6.78076,135.804
-6.78074,311.737
-6.78072,164.296
-6.7807,75.381
-6.78069,205.83
-6.78062,211.894
-6.78062,26.7005
-6.78052,158.803
-6.78017,99.7145
-6.78016,230.62
-6.7801,204.726
-6.78006,268.519
-6.78001,251.433
-6.78001,108.258
-6.77998,26.9272
-6.7798,264.176
-6.77971,21.042
-6.7797,358.317
-6.77967,6.35135
-6.77931,157.595
-6.77922,55.2745
-6.77915,77.1079
-6.77909,10.6141
-6.77899,220.484
-6.77895,125.949
-6.77893,103.91
-6.77877,195.412
-6.77875,33.2365
-6.77857,110.139
-6.7784,68.0211
-6.77819,38.7359
-6.77814,37.7915
-6.77791,99.1075
-6.77779,286.369
-6.77779,2.06511
-6.77776,328.805
-6.77775,358.922
-6.77765,103.423
-6.77764,200.628
-6.77757,269.255
-6.77756,76.1127
-6.77722,355.241
-6.77721,62.1968
-6.77718,145.094
-6.77708,115.94
-6.77696,152.044
-6.77657,217.847
-6.77653,15.3186
-6.77652,206.737
-6.77614,158.169
-6.77609,22.4118
-6.77602,55.1695
-6.77584,140.042
-6.77564,250.048
-6.77562,126.84
-6.77547,333.359
-6.77545,103.233
-6.77531,239.416
-6.77529,216.749
-6.77526,58.8168
-6.7752,68.5722
-6.77519,79.6897
-6.77514,143.507
-6.77513,173.804
-6.77501,86.689
-6.77498,241.82
-6.77493,278.075
-6.77493,155.783
-6.7749,223.921
-6.77484,75.1167
-6.77482,66.6531
-6.7748,104.143
-6.77475,193.859
-6.7747,102.932
-6.77441,2.84537
-6.77439,274.467
-6.77436,104.275
-6.77425,175.272
-6.77421,240.281
-6.77418,254.77
-6.77409,126.602
-6.77394,99.8897
-6.77385,15.2367
-6.77383,147.609
-6.77377,217.992
-6.77375,261.514
-6.77372,347.677
-6.7737,91.7098
-6.77364,258.657
-6.77362,115.822
-6.77347,307.523
-6.77345,126.515
-6.77326,225.547
-6.77303,175.787
-6.77301,3.55108
-6.77292,225.421
-6.77289,272.116
-6.77283,28.7646
-6.77264,99.1772
-6.7726,353.456
-6.77249,22.257
-6.77246,31.0698
-6.77235,110.988
-6.77232,143.463
-6.77215,145.942
-6.7721,93.468
-6.77205,246.804
-6.77189,105.093
-6.77182,93.5904
-6.77158,53.2375
-6.77156,151.931
-6.77127,272.306
-6.7712,18.6226
-6.77115,19.6313
-6.77105,296.734
-6.77097,142.41
-6.77087,279.724
-6.77081,53.7168
-6.77081,107.544
-6.77076,192.226
-6.77071,206.67
-6.77067,195.126
-6.77043,224.301
-6.77036,240.883
-6.77031,25.297
-6.77027,334.317
-6.77012,300.39
-6.76992,257.932
-6.76992,145.674
-6.76985,207.642
-6.76978,70.6658
-6.76962,72.2432
-6.76926,135.495
-6.76925,129.921
-6.76918,79.7688
-6.76915,131.523
-6.76913,67.2837
-6.76901,107.025
-6.76873,221.626
-6.76854,298.808
-6.76825,132.252
-6.76821,168.766
-6.76814,204.772
-6.76782,0.407205
-6.76764,341.508
-6.76761,171.068
-6.76759,217.592
-6.76757,124.898
-6.76756,26.4807
-6.76755,270.977
-6.76741,243.553
-6.76725,14.2926
-6.76723,339.136
-6.76722,30.4313
-6.76718,221.111
-6.76712,156.426
-6.76701,152.925
-6.76701,179.833
-6.76691,229.701
-6.76686,268.476
-6.76676,113.388
-6.76671,279.769
-6.7667,2.29191
-6.76642,193.122
-6.76635,260.246
-6.76578,32.7924
-6.76575,72.5607
-6.7657,54.9159
-6.7656,354.937
-6.76559,144.885
-6.76556,75.02
-6.76533,88.9518
-6.7653,77.1969
-6.76528,157.325
-6.76526,216.882
-6.76525,231.647
-6.76525,94.7154
-6.76515,50.6969
-6.76513,354.423
-6.76508,165.735
-6.76505,78.5578
-6.76491,92.7471
-6.76447,143.383
-6.76435,297.673
-6.7642,70.8038
-6.76418,186.097
-6.76409,354.343
-6.76395,271.389
-6.76391,145.208
-6.76389,185.203
-6.76387,142.746
-6.7637,202.146
-6.76364,279.214
-6.76363,9.32766
-6.76358,280.915
-6.76346,274.643
-6.76344,126.774
-6.76342,200.175
-6.76341,94.5377
-6.76338,143.678
-6.76315,194.366
-6.76302,342.994
-6.76294,185.319
-6.76282,344.998
-6.76282,109.359
-6.76272,125.472
-6.76252,31.5527
-6.7625,70.5911
-6.76243,223.698
-6.76239,200.3
-6.76218,265.976
-6.76204,24.5383
-6.76192,355.945
-6.76192,136.515
-6.76183,112.378
-6.7615,73.644
-6.76143,274.346
-6.76142,113.962
-6.76139,91.0915
-6.76137,133.271
-6.76136,242.047
-6.76121,244.419
-6.76106,205.424
-6.76099,134.692
-6.76058,214.139
-6.76057,107.752
-6.76032,118.942
-6.76028,168.902
-6.76016,183.228
-6.76012,353.604
-6.75991,270.673
-6.7599,39.3416
-6.75983,123.349
-6.75981,221.815
-6.75977,154.685
-6.75976,155.121
-6.75972,7.01244
-6.75942,121.331
-6.75941,34.2736
-6.7594,300.962
-6.75915,112.063
-6.75911,78.4991
-6.75911,144.999
-6.75909,296.215
-6.75906,13.2476
-6.75897,222.092
-6.75886,175.971
-6.75882,355.34
-6.75874,359.992
-6.75864,74.907
-6.7585,38.7793
-6.75834,175.698
-6.75807,202.846
-6.75789,40.7821
-6.75782,28.5922
-6.75775,74.2253
-6.75772,148.071
-6.75769,155.269
-6.75761,26.1874
-6.75759,199.462
-6.7575,154.458
-6.75747,131.659
-6.75701,119.849
-6.75673,265.574
-6.75664,98.5325
-6.75642,250.489
-6.75633,6.06659
-6.75632,216.987
-6.75605,245.327
-6.75571,332.896
-6.75558,231.617
-6.75557,121.021
-6.75544,224.213
-6.75543,173.458
-6.75536,13.9731
-6.7553,105.621
-6.75524,169.011
-6.75517,214.184
-6.75507,351.249
-6.75486,110.408
-6.75455,143.852
-6.75411,19.23
-6.75409,40.5079
-6.75408,10.2365
-6.75405,205.819
-6.75404,302.207
-6.75377,33.255
-6.75372,107.148
-6.75346,56.5048
-6.75341,21.4993
-6.75331,154.904
-6.75326,30.4955
-6.75293,21.8512
-6.75281,107.362
-6.7527,0.699509
-6.7527,56.6367
-6.75268,186
-6.75254,116.298
-6.7524,299.359
-6.75217,281.575
-6.75204,195.544
-6.75199,1.44785
-6.7519,220.231
-6.75186,331.203
-6.75176,97.0823
-6.75156,101.862
-6.75156,151.355
-6.7515,48.4719
-6.7513,74.6895
-6.75119,143.916
-6.75113,214.707
-6.75111,349.496
-6.75093,21.6272
-6.75088,274.795
-6.75072,256.391
-6.75068,115.555
-6.7505,105.743
-6.75048,114.16
-6.75038,262.041
-6.75032,70.4697
-6.75024,2.63853
-6.75018,260.091
-6.75003,352.342
-6.74996,107.599
-6.74984,69.5906
-6.74978,26.0244
-6.74975,72.4427
-6.7497,137.836
-6.7497,90.752
-6.74963,138.89
-6.74949,240.806
-6.74947,110.653
-6.74936,206.939
-6.74933,76.0851
-6.74927,288.314
-6.74921,279.337
-6.74916,165.779
-6.74911,99.1566
-6.7488,213.756
-6.74873,279.693
-6.74869,208.813
-6.74816,133.961
-6.74796,239.586
-6.74789,255.478
-6.74787,72.1509
-6.74778,186.343
-6.74777,167.567
-6.74753,80.0247
-6.74745,176.263
-6.74739,63.5058
-6.74721,279.495
-6.74719,44.4769
-6.74695,220.304
-6.74693,101.96
-6.74687,333.383
-6.74685,358.939
-6.74654,267.123
-6.74648,129.775
-6.74644,78.9976
-6.74641,20.6027
-6.74624,62.0374
-6.74621,212.535
-6.74619,32.3931
-6.7461,190.692
-6.74588,30.6429
-6.74581,76.6118
-6.74576,93.6466
-6.74557,286.121
-6.74557,78.7527
-6.74543,93.1114
-6.74537,264.945
-6.74531,187.096
-6.74524,30.7211
-6.74524,133.291
-6.74512,24.3229
-6.74507,23.442
-6.74501,26.6843
-6.745,175.361
-6.74487,254.67
-6.74479,273.667
-6.74476,14.4023
-6.74475,174.612
-6.74472,176.559
-6.74464,214.559
-6.74449,331.136
-6.74426,2.71668
-6.74418,353.854
-6.744,137.655
-6.74375,39.0605
-6.74371,161.465
-6.74367,176.207
-6.74365,142.179
-6.74328,40.5577
-6.74317,141.234
-6.74312,344.547
-6.74312,3.0419
-6.74311,213.009
-6.74307,295.864
-6.74287,239.639
-6.74284,135.822
-6.74273,105.888
-6.74265,332.998
-6.74264,147.564
-6.74257,193.754
-6.74255,109.683
-6.74251,233.493
-6.7425,198.553
-6.74247,141.056
-6.74237,28.6858
-6.74233,231.706
-6.74224,21.0133
-6.74214,269.854
-6.74203,33.375
-6.74189,157.558
-6.74167,75.2057
-6.74162,78.9216
-6.74146,228.679
-6.74141,56.3395
-6.74134,344.945
-6.74133,222.913
-6.74133,30.3826
-6.74133,175.507
-6.74116,185.811
-6.74111,247.537
-6.74089,273.4
-6.74082,43.5739
-6.74053,101.752
-6.7404,149.146
-6.7404,157.288
-6.74037,213.18
-6.74019,156.509
-6.74006,30.4495
-6.74006,46.117
-6.74001,90.2578
-6.73995,330.953
-6.73991,75.3771
-6.73976,115.729
-6.73931,9.42253
-6.73926,350.437
-6.73923,114.086
-6.73912,18.9255
-6.73907,212.487
-6.73905,71.8853
-6.73891,31.5961
-6.73889,199.508
-6.73889,145.14
-6.73888,285.089
-6.73886,205.387
-6.73886,28.7842
-6.73885,99.5983
-6.73819,54.5518
-6.7379,148.836
-6.73788,39.9659
-6.73782,359.9
-6.73771,85.4544
-6.73769,0.102321
-6.7374,59.2235
-6.73739,278.772
-6.73739,28.8622
-6.73732,80.11
-6.73706,279.874
-6.73677,213.823
-6.73668,267.018
-6.73656,146.779
-6.73655,223.893
-6.73654,280.305
-6.73651,117.122
-6.73634,84.2809
-6.73634,100.57
-6.73623,187.711
-6.73582,166.518
-6.73574,130.083
-6.7357,298.739
-6.73568,106.395
-6.73563,90.3285
-6.73562,279.272
-6.73553,129.819
-6.73549,7.75398
-6.73536,66.6335
-6.73529,175.053
-6.73529,136.618
-6.73528,161.527
-6.73526,126.828
-6.73505,194.3
-6.73502,212.284
-6.73495,93.6954
-6.73489,274.573
-6.73477,204.526
-6.73458,24.5131
-6.73448,31.9241
-6.73445,26.7892
-6.73435,349.914
-6.73434,184.198
-6.73429,349.495
-6.73426,69.4068
-6.73414,307.788
-6.73405,100.933
-6.73402,17.6851
-6.73389,332.807
-6.73386,301.112
-6.73378,143.147
-6.73373,182.53
-6.73369,87.8227
-6.73368,345.129
-6.73364,199.601
-6.73349,128.131
-6.73343,100.797
-6.73335,125.864
-6.73333,72.9726
-6.73311,350.896
-6.73309,152.664
-6.73297,191.765
-6.73296,241.05
-6.73289,86.9214
-6.73285,274.154
-6.73284,109.91
-6.73273,109.178
-6.7326,176.754
-6.73257,225.809
-6.73249,143.544
-6.73237,13.478
-6.73235,70.8616
-6.7323,22.2295
-6.73203,136.966
-6.73181,1.18277
-6.73153,172.897
-6.73145,135.407
-6.73142,14.0474
-6.73123,357.718
-6.73112,142.024
-6.73098,93.43
-6.73092,332.23
-6.73091,143.236
-6.73089,343.039
-6.73065,352.991
-6.73056,14.5468
-6.7305,45.6283
-6.73038,207.146
-6.73024,205.96
-6.73017,287.955
-6.73001,223.349
-6.7299,199.181
-6.72984,165.952
-6.72966,236.675
-6.72956,230.972
-6.72954,240.919
-6.72951,355.233
-6.72944,161.84
-6.7293,285.834
-6.72929,276.234
-6.72929,140.84
-6.7292,94.4692
-6.72919,19.139
-6.72916,153.98
-6.7291,68.0303
-6.72902,13.7445
-6.72893,167.907
-6.72891,206.635
-6.7289,242.06
-6.72887,142.24
-6.72878,120.03
-6.7287,219.583
-6.72867,285.285
-6.72865,231.817
-6.72853,331.224
-6.72846,66.1945
-6.72838,176.67
-6.72836,71.9551
-6.72805,256.467
-6.72796,144.381
-6.72787,116.868
-6.72786,210.812
-6.72767,166.849
-6.72763,341.524
-6.72745,131.396
-6.72727,124.303
-6.72719,161.957
-6.72706,352.524
-6.72686,43.0155
-6.72685,232.264
-6.72682,13.6624
-6.72681,98.2697
-6.72678,351.666
-6.72639,32.0066
-6.72616,40.5995
-6.72613,282.833
-6.72608,152.057
-6.72594,354.851
-6.72567,59.0732
-6.72558,124.187
-6.72552,219.725
-6.72546,78.225
-6.72532,95.5775
-6.72514,79.8902
-6.72498,248.303
-6.72489,195.819
-6.72486,112.83
-6.72465,231.62
-6.72464,349.603
-6.72444,76.1433
-6.72441,323.841
-6.7243,194.528
-6.7243,209.121
-6.72426,315.95
-6.72419,118.874
-6.7241,312.603
-6.72401,77.5624
-6.72397,128.251
-6.72394,176.344
-6.7239,192.841
-6.72371,8.00747
-6.7237,110.869
-6.72358,177.062
-6.72347,23.1343
-6.72342,127.505
-6.7233,154.85
-6.72328,271.961
-6.72315,190.073
-6.72309,118.99
-6.72305,356.582
-6.72283,229.684
-6.72278,144.614
-6.7226,345.167
-6.72229,186.324
-6.72228,166.074
-6.72199,162.27
-6.72192,192.659
-6.72191,214.195
-6.72168,345.073
-6.72152,137.907
-6.72148,11.729
-6.72142,229.126
-6.7214,159.447
-6.72136,136.553
-6.72127,331.162
-6.72107,183.917
-6.72083,223.156
-6.72077,343.548
-6.72077,24.3407
-6.7207,205.424
-6.72063,358.451
-6.72061,163.796
-6.72057,127.985
-6.72045,24.7308
-6.72042,195.451
-6.72025,99.7018
-6.72013,66.841
-6.72012,106.447
-6.72003,20.8352
-6.71999,343.93
-6.71995,79.0426
-6.71986,288.247
-6.7198,66.3136
-6.71978,80.4462
-6.71971,271.253
-6.71969,198.288
-6.71964,224.846
-6.71956,72.2905
-6.71938,204.686
-6.71931,97.2077
-6.71908,274.09
-6.71905,339.215
-6.71896,116.054
-6.71889,254.81
-6.71883,30.694
-6.71877,142.63
-6.71874,319.946
-6.71866,127.765
-6.71863,143.108
-6.71859,90.6959
-6.71848,162.452
-6.71847,218.674
-6.71843,246.846
-6.71837,78.7714
-6.71828,298.403
-6.71818,255.572
-6.71804,344.031
-6.71801,119.707
-6.71768,190.39
-6.71737,2.8287
-6.71725,154.759
-6.71724,33.4133
-6.71702,99.5988
-6.71693,343.303
-6.71665,93.7742
-6.71664,2.76472
-6.71657,28.3349
-6.71656,132.66
-6.71649,70.1721
-6.71648,238.324
-6.7164,175.223
-6.71619,222.127
-6.71615,355.476
-6.71611,98.3887
-6.71605,114.488
-6.71585,205.559
-6.71578,122.943
-6.71575,153.335
-6.71571,312.989
-6.71571,273.193
-6.71565,264.303
-6.7156,64.801
-6.71551,208.655
-6.71541,162.105
-6.7154,154.356
-6.71529,138.163
-6.71518,75.2659
-6.71502,224.255
-6.71497,10.7127
-6.71466,26.9239
-6.71464,98.5784
-6.71461,109.197
-6.71459,10.7015
-6.7145,77.7307
-6.71396,14.2485
-6.71393,116.711
-6.71386,73.3584
-6.71383,157.976
-6.71382,125.303
-6.71365,204.215
-6.7134,142.962
-6.71335,116.181
-6.71332,17.6568
-6.71319,207.075
-6.71305,354.314
-6.71301,77.8014
-6.71298,258.401
-6.71297,20.3342
-6.71293,81.0944
-6.71288,1.4961
-6.71288,154.994
-6.7127,78.3418
-6.71265,193.09
-6.71265,149.873
-6.7126,242.091
-6.71237,350.758
-6.7123,183.163
-6.71218,128.875
-6.71217,147.074
-6.7121,206.885
-6.71196,168.659
-6.71176,8.37474
-6.71141,296.832
-6.71138,213.352
-6.71134,205.101
-6.71129,286.503
-6.71126,48.2861
-6.71119,202.104
-6.71113,211.6
-6.711,232.87
-6.71088,108.793
-6.71087,157.346
-6.71068,203.75
-6.71063,121.502
-6.71043,216.933
-6.7104,168.192
-6.71023,185.951
-6.7099,301.047
-6.70989,355.551
-6.70978,126.522
-6.70965,296.112
-6.70959,318.376
-6.7095,220.044
-6.70927,227.593
-6.70926,6.89334
-6.70926,126.351
-6.70919,89.9077
-6.70908,246.01
-6.70905,231.755
-6.70904,128.75
-6.709,141.295
-6.70891,255.061
-6.70869,69.9379
-6.70868,154.246
-6.70858,38.8819
-6.70847,208.855
-6.70837,20.6681
-6.70831,3.51958
-6.70826,166.364
-6.70824,208.788
-6.708,175.004
-6.70784,67.4535
-6.70784,178.48
-6.70776,93.285
-6.70773,356.407
-6.7077,300.546
-6.70761,185.254
-6.70734,52.3833
-6.70702,119.555
-6.70701,132.577
-6.70699,175.575
-6.70694,233.346
-6.70694,21.4876
-6.70692,332.654
-6.70674,9.28242
-6.7065,178.421
-6.70649,71.6955
-6.70641,207.417
-6.70616,173.227
-6.70614,2.52915
-6.70605,265.568
-6.70605,67.8895
-6.70593,93.6648
-6.70572,109.558
-6.70568,0.758945
-6.70567,12.6683
-6.70559,86.607
-6.70557,125.714
-6.70547,71.1864
-6.70541,208.421
-6.70541,258.288
-6.70525,188.57
-6.70524,354.646
-6.70517,297.784
-6.70512,261.189
-6.70512,13.8542
-6.7051,72.5004
-6.70507,264.942
-6.70496,253.904
-6.70468,153.241
-6.70456,145.013
-6.70445,177.863
-6.70428,240.807
-6.70424,332.427
-6.70414,77.5554
-6.70395,167.017
-6.70388,90.1089
-6.70376,173.747
-6.70359,246.638
-6.70354,118.926
-6.70348,147.732
-6.70329,183.282
-6.70329,24.4998
-6.7032,206.695
-6.70317,345.362
-6.70302,174.739
-6.70291,99.9113
-6.70274,350.897
-6.70249,23.3603
-6.70242,12.4998
-6.70228,344.602
-6.70228,2.66686
-6.70227,100.528
-6.70225,104.341
-6.70222,143.285
-6.70217,241.461
-6.70217,202.025
-6.70216,76.6424
-6.70213,250.806
-6.70187,209.225
-6.70186,215.679
-6.70183,213.946
-6.70172,140.354
-6.70157,100.048
-6.70155,175.004
-6.70155,142.862
-6.70154,184.553
-6.70152,152.336
-6.70151,308.941
-6.70144,125.657
-6.70126,216.993
-6.70101,274.491
-6.70093,43.0399
-6.70083,356.253
-6.70075,58.916
-6.70069,288.268
-6.70068,77.9234
-6.70065,117.98
-6.70059,210.029
-6.70057,26.0303
-6.70057,81.8816
-6.7004,298.865
-6.70034,326.429
-6.70027,129.645
-6.70014,207.166
-6.70013,0.82434
-6.69985,229.312
-6.69943,119.632
-6.6993,193.44
-6.69917,141.979
-6.69902,166.944
-6.69897,196.462
-6.69895,228.138
-6.69893,165.689
-6.69877,2.57565
-6.69863,138.923
-6.69859,93.3228
-6.69858,162.644
-6.69858,100.654
-6.69857,55.209
-6.69842,45.6886
-6.6984,203.287
-6.69837,212.174
-6.69833,300.627
-6.69831,220.202
-6.6983,135.428
-6.69829,308.368
-6.69821,357.048
-6.69819,203.896
-6.69817,355.819
-6.69795,75.3417
-6.69792,8.23288
-6.69786,28.1788
-6.69781,143.997
-6.69767,93.8257
-6.69766,13.3727
-6.69755,267.751
-6.69755,222.692
-6.69751,202.39
-6.69747,248.128
-6.69745,258.96
-6.69721,159.354
-6.69713,254.59
-6.69709,70.5168
-6.69705,2.89776
-6.69662,136.747
-6.69655,313.248
-6.69649,56.205
-6.69637,0.695418
-6.69637,17.1599
-6.69632,125.403
-6.6963,28.6891
-6.69619,39.5897
-6.69609,146.567
-6.69598,94.0136
-6.69593,75.9791
-6.6959,77.4751
-6.69586,337.926
-6.6958,74.4512
-6.69571,319.615
-6.69568,332.974
-6.69565,57.3666
-6.69556,184.678
-6.69549,273.099
-6.69534,22.8544
-6.69507,298.551
-6.69506,261.995
-6.69505,30.3665
-6.69502,181.387
-6.69492,145.138
-6.69486,68.4762
-6.69484,24.7845
-6.69482,148.831
-6.6948,24.8834
-6.69467,122.74
-6.69432,142.541
-6.69431,214.959
-6.69426,5.86079
-6.69425,198.36
-6.69402,73.0224
-6.69401,69.1981
-6.69375,57.0076
-6.69371,107.738
-6.69365,264.901
-6.69356,140.126
-6.69345,198.676
-6.69337,136.448
-6.69335,210.095
-6.69325,142.922
-6.69316,63.1597
-6.69308,73.1715
-6.6928,280.734
-6.69279,345.001
-6.6927,195.714
-6.69268,201.17
-6.69268,328.921
-6.69267,68.1102
-6.69252,239.233
-6.69235,31.5689
-6.69227,167.274
-6.69217,272.611
-6.69209,298.703
-6.69209,287.352
-6.69203,267.098
-6.69177,153.133
-6.69175,171.012
-6.69127,26.8186
-6.69123,168.469
-6.6912,138.724
-6.69097,71.3318
-6.69092,58.3288
-6.6907,208.362
-6.69069,246.16
-6.6906,182.681
-6.6903,115.971
-6.69005,233.748
-6.69004,80.4312
-6.68989,14.452
-6.68983,249.866
-6.68976,132.996
-6.68975,73.7197
-6.68967,102.842
-6.68946,22.312
-6.68944,137.4
-6.6894,359.458
-6.6894,273.59
-6.68934,355.716
-6.68934,113.733
-6.68932,30.4363
-6.68925,162.547
-6.68917,73.5881
-6.68912,125.039
-6.68911,307.713
-6.68898,28.7775
-6.68873,85.5376
-6.68853,257.323
-6.68846,343.951
-6.68842,56.4419
-6.68841,106.78
-6.68829,122.054
-6.68808,31.4104
-6.68808,27.7647
-6.68792,143.032
-6.68792,139.336
-6.68787,90.5054
-6.68785,192.72
-6.68774,93.9635
-6.68769,92.8145
-6.68753,358.928
-6.6872,266.92
-6.68717,157.872
-6.68714,66.0859
-6.68702,126.779
-6.68701,294.451
-6.68658,94.2944
-6.68657,15.428
-6.68655,126.63
-6.6865,354.695
-6.68648,123.951
-6.6864,9.56729
-6.68615,3.00328
-6.68596,171.05
-6.68581,206.764
-6.68569,172.867
-6.68528,55.1151
-6.6852,175.327
-6.68513,358.848
-6.68509,21.7679
-6.68505,73.9802
-6.68497,280.449
-6.6848,214.508
-6.68473,29.5804
-6.68464,118.177
-6.68459,23.491
-6.68457,186.77
-6.68432,188.828
-6.68413,88.7783
-6.68401,2.73295
-6.68398,86.5949
-6.68394,264.397
-6.68392,10.1963
-6.68344,13.9008
-6.68339,142.757
-6.6833,201.529
-6.68312,30.6686
-6.68311,111.728
-6.68297,3.15722
-6.68292,274.589
-6.68279,233.539
-6.68271,359.176
-6.68262,39.4403
-6.68259,155.625
-6.68228,271.261
-6.68222,116.645
-6.68222,153.611
-6.6822,146.234
-6.68211,2.84758
-6.682,240.861
-6.68199,156.09
-6.68187,276.281
-6.68184,40.2766
-6.68173,7.10867
-6.68165,263.571
-6.68146,217.392
-6.68132,163.401
-6.68104,358.255
-6.68102,242.016
-6.681,4.31736
-6.68087,214.13
-6.68074,242.076
-6.68074,37.7056
-6.68073,330.901
-6.68071,281.072
-6.68067,31.6689
-6.68064,90.7234
-6.68056,23.4235
-6.68048,285.74
-6.6804,115.432
-6.68039,226.812
-6.68028,87.2234
-6.68016,175.164
-6.68013,33.9316
-6.68011,267.023
-6.67999,25.59
-6.67975,225.499
-6.6796,355.473
-6.67951,219.784
-6.67934,254.641
-6.67919,215.194
-6.67913,11.7078
-6.67908,114.992
-6.67907,271.581
-6.67907,99.4118
-6.67857,1.03001
-6.67854,34.3946
-6.67849,162.356
-6.67844,147.858
-6.67813,33.5215
-6.67811,118.863
-6.67808,156.223
-6.67801,67.242
-6.67781,74.8519
-6.67763,89.4303
-6.67755,225.419
-6.67751,209.049
-6.67728,170.66
-6.67696,253.603
-6.67682,36.6424
-6.67675,244.074
-6.6766,231.069
-6.67654,65.0618
-6.67645,147.523
-6.67636,208.237
-6.67618,1.30587
-6.67613,281.627
-6.67555,262.098
-6.67553,142.216
-6.67535,230.109
-6.67517,10.0472
-6.67502,97.1824
-6.67479,299.788
-6.67465,266.845
-6.67456,26.1025
-6.67454,67.1087
-6.67453,93.5206
-6.67436,229.495
-6.67436,70.6138
-6.67425,174.541
-6.67421,92.9555
-6.6741,300.033
-6.67407,151.952
-6.67386,278.987
-6.67376,207.192
-6.67369,88.242
-6.67346,205.223
-6.67316,327.509
-6.673,193.49
-6.67297,50.8039
-6.67296,119.414
-6.67281,234.813
-6.67281,120.258
-6.67277,146.638
-6.67271,135.466
-6.67252,231.009
-6.67236,209.271
-6.6721,77.9365
-6.67195,33.011
-6.67191,243.842
-6.67176,174.646
-6.67174,352.627
-6.67164,18.8596
-6.67162,126.873
-6.67149,103.443
-6.67129,64.9825
-6.67116,0.891305
-6.67109,117.167
-6.67089,98.5261
-6.67086,216.965
-6.67079,17.0431
-6.67075,127.294
-6.67056,185.178
-6.67041,77.7638
-6.67026,56.1451
-6.67018,86.9491
-6.66974,150.761
-6.66969,243.712
-6.66963,141.065
-6.66927,144.735
-6.66923,144.947
-6.66916,148.45
-6.6691,126.978
-6.66895,13.0739
-6.66892,137.08
-6.66882,252.625
-6.6686,76.2748
-6.66854,11.317
-6.66848,253.904
-6.66844,272.141
-6.66814,333.605
-6.668,209.934
-6.66791,166.897
-6.66774,150.327
-6.66774,157.352
-6.66765,141.597
-6.66742,252.794
-6.66737,22.666
-6.6672,210.178
-6.66713,23.8438
-6.6671,3.39802
-6.6671,173.578
-6.66705,23.1393
-6.66704,206.079
-6.66682,94.5792
-6.66674,81.2048
-6.66669,21.2048
-6.66653,310.669
-2.21001,121.321
-2.20994,102.907
-2.20965,136.364
-2.20961,343.668
-2.20954,245.574
-2.20946,205.061
-2.20944,142.773
-2.20928,144.748
-2.20928,135.477
-2.20919,77.7966
-2.20909,196.435
-2.20898,225.236
-2.20894,299.312
-2.20893,207.322
-2.20871,94.2837
-2.20866,193.083
-2.20862,151.793
-2.20808,246.868
-2.20804,44.8557
-2.20792,244.301
-2.20777,189.442
-2.20764,78.6303
-2.20757,287.718
-2.20757,281.765
-2.20752,57.7325
-2.20742,186.305
-2.20722,140.532
-2.20714,289.718
-2.20701,100.793
-2.20666,130.649
-2.20664,71.762
-2.20651,182.725
-2.20648,200.658
-2.20622,225.764
-2.2062,308.357
-2.20615,36.3908
-2.20594,159.309
-2.20594,142.228
-2.2059,176.031
-2.20587,248.757
-2.20582,128.792
-2.2056,280.135
-2.2056,156.388
-2.20558,96.0674
-2.20546,126.633
-2.20541,198.646
-2.20534,359.389
-2.20532,71.3003
-2.20531,150.864
-2.20517,359.086
-2.20493,24.1932
-2.2049,128.087
-2.2048,38.1547
-2.20478,212.481
-2.20472,319.823
-2.2047,326.049
-2.20458,23.1449
-2.20456,211.338
-2.20453,141.025
-2.20447,203.233
-2.20445,181.813
-2.20422,148.084
-2.2042,141.298
-2.20419,15.2755
-2.2041,95.6725
-2.2039,31.6493
-2.2038,182.065
-2.2037,284.522
-2.20365,186.788
-2.20364,72.4299
-2.20357,135.95
-2.20349,159.141
-2.20339,36.8768
-2.20329,342.223
-2.2032,170.99
-2.20318,20.6809
-2.20303,147.397
-2.20257,213.818
-2.20241,214.665
-2.20232,178.88
-2.20217,279.561
-2.20217,84.5451
-2.20217,92.5824
-2.20204,66.4156
-2.20197,358.943
-2.20195,128.9
-2.20175,106.968
-2.20167,164.693
-2.20166,212.79
-2.20166,118.019
-2.20163,37.4501
-2.2016,357.208
-2.2013,192.273
-2.20126,4.30895
-2.20104,145.464
-2.20089,23.3241
-2.2008,188.795
-2.20075,150.777
-2.20067,18.7074
-2.20056,355.45
-2.20053,140.929
-2.20041,85.1019
-2.20037,36.5718
-2.20014,92.8245
-2.20009,24.295
-2.20001,117.059
-2.19997,199.803
-2.19993,131.331
-2.19989,68.8733
-2.19973,149.66
-2.19959,68.966
-2.19951,169.135
-2.1994,276.214
-2.19935,127.743
-2.19933,157.025
-2.19898,31.7122
-2.19897,70.974
-2.19881,20.4357
-2.19878,273.484
-2.19866,8.78181
-2.19853,144.577
-2.19815,63.103
-2.19807,300.432
-2.19803,111.613
-2.19801,103.411
-2.19776,36.4324
-2.19771,72.1528
-2.1975,38.2355
-2.19736,97.6549
-2.1973,71.8261
-2.19716,356.943
-2.19716,38.869
-2.19715,70.5548
-2.19713,62.7374
-2.19703,147.221
-2.19702,230.719
-2.19697,339.135
-2.19697,24.4662
-2.19684,54.5894
-2.19681,214.015
-2.19654,62.0092
-2.1965,192.68
-2.19627,242.88
-2.19619,342.631
-2.19588,102.617
-2.19583,67.0556
-2.19583,24.8819
-2.19582,128.562
-2.19581,241.755
-2.19578,35.7248
-2.19575,19.0981
-2.19557,191.97
-2.19555,144.474
-2.19544,225.321
-2.1953,231.145
-2.19513,39.6422
-2.19509,67.6055
-2.19483,72.7347
-2.19483,115.25
-2.19477,216.448
-2.19463,167.411
-2.19459,298.967
-2.19453,129.335
-2.19439,187.019
-2.19415,82.7091
-2.194,281.841
-2.19397,202.703
-2.19396,342.512
-2.19389,198.553
-2.19378,258.157
-2.19346,298.887
-2.19335,237.089
-2.19329,128.317
-2.19328,148.263
-2.19324,83.2021
-2.19322,73.2546
-2.19293,223.439
-2.19287,162.197
-2.19278,141.936
-2.1926,78.6713
-2.19251,114.051
-2.1925,213.403
-2.19229,141.495
-2.19204,170.136
-2.19197,215.443
-2.19194,104.027
-2.19181,109.323
-2.19172,131.504
-2.19168,329.219
-2.19163,109.264
-2.1916,154.988
-2.19155,88.4182
-2.19152,359.722
-2.19133,9.97577
-2.19113,78.1797
-2.19095,144.077
-2.1908,200.183
-2.1908,151.249
-2.19078,145.719
-2.19072,148.681
-2.19068,71.8876
-2.19062,216.236
-2.19058,279.864
-2.19055,128.372
-2.19043,214.971
-2.19034,99.241
-2.19025,70.1469
-2.19022,69.9196
-2.19015,116.776
-2.19013,141.128
-2.18983,110.991
-2.1898,142.548
-2.18978,287.282
-2.18948,229.026
-2.18941,114.191
-2.1894,161.092
-2.18925,244.731
-2.189,144.433
-2.18877,40.7002
-2.18841,144.85
-2.18826,272.575
-2.18818,211.191
-2.18798,245.179
-2.18798,125.727
-2.18776,101.737
-2.18771,159.719
-2.18757,174.067
-2.18755,228.21
-2.18753,244.802
-2.18746,122.886
-2.18745,296.416
-2.18741,151.171
-2.1874,215.051
-2.18732,347.998
-2.18727,359.355
-2.18723,73.0353
-2.18722,32.5181
-2.18707,13.2634
-2.18702,195.118
-2.187,260.188
-2.18689,129.6
-2.18684,213.696
-2.18677,169.347
-2.18672,53.0396
-2.18655,103.73
-2.18647,8.04167
-2.18645,161.433
-2.18641,72.0363
-2.1864,13.8363
-2.18636,291.657
-2.18635,62.2088
-2.18634,104.952
-2.18626,213.582
-2.18614,110.658
-2.18613,288.536
-2.18609,290.349
-2.18607,240.485
-2.18604,184.912
-2.18593,14.8726
-2.18588,79.8473
-2.18539,68.1173
-2.18515,22.5429
-2.18513,175.072
-2.1851,230.604
-2.18498,192.946
-2.18487,23.7015
-2.18473,151.582
-2.1846,171.565
-2.18453,280.102
-2.18413,21.3462
-2.18408,213.302
-2.18407,295.773
-2.18401,102.301
-2.18382,355.361
-2.1837,296.607
-2.18363,123.661
-2.18313,144.287
-2.183,245.221
-2.18293,354.333
-2.18287,213.352
-2.18284,198.31
-2.18275,13.7869
-2.18253,262.583
-2.18224,200.409
-2.18216,44.8169
-2.18206,199.852
-2.18202,235.389
-2.18202,272.478
-2.18201,111.137
-2.18192,167.307
-2.18174,237.657
-2.1817,22.8864
-2.18169,230.575
-2.18163,206.148
-2.18163,12.1728
-2.18156,260.317
-2.18141,138.372
-2.18134,271.202
-2.18116,177.378
-2.18111,20.3668
-2.1808,93.3729
-2.18079,68.4245
-2.18075,274.826
-2.18069,130.265
-2.1806,243.883
-2.1806,276.363
-2.18046,288.999
-2.1804,290.727
-2.18039,141.679
-2.18026,285.826
-2.18018,64.0959
-2.18011,277.278
-2.1801,96.6367
-2.17979,129.267
-2.17965,163.985
-2.1796,97.9951
-2.17942,208.245
-2.17936,117.3
-2.17908,159.005
-2.17901,265.545
-2.17897,342.189
-2.17877,118.248
-2.17868,176.136
-2.17841,24.7115
-2.17837,207.651
-2.17836,11.5777
-2.17826,287.846
-2.17816,132.55
-2.17815,78.91
-2.17812,213.092
-2.17801,277.376
-2.17793,116.963
-2.1777,23.5897
-2.17759,249.15
-2.17755,236.147
-2.17732,145.269
-2.17724,232.522
-2.1772,122.28
-2.17713,178.605
-2.17704,332.541
-2.17701,19.4283
-2.177,68.0436
-2.17697,296.272
-2.17695,134.743
-2.1769,216.654
-2.17687,144.9
-2.17651,20.077
-2.1762,278.576
-2.17599,111.824
-2.17582,90.7221
-2.17572,344.472
-2.17569,140.859
-2.17525,348.067
-2.1752,141.251
-2.17516,207.177
-2.17501,134.616
-2.17488,358.91
-2.17466,99.3254
-2.17456,151.386
-2.1745,69.243
-2.17446,55.8889
-2.17437,33.8983
-2.17434,155.211
-2.17426,144.395
-2.17424,359.063
-2.1741,17.2339
-2.17394,135.531
-2.17373,197.58
-2.17362,11.185
-2.17361,86.5459
-2.17354,54.6967
-2.17354,49.906
-2.1735,65.5062
-2.17348,66.2149
-2.17326,113.83
-2.1729,196.684
-2.1729,80.245
-2.17272,141.719
-2.17267,287.746
-2.17225,198.747
-2.17223,319.784
-2.17223,71.2255
-2.172,102.585
-2.17199,233.214
-2.17199,29.5412
-2.17195,135.393
-2.17193,63.2371
-2.17172,76.3252
-2.17161,72.3682
-2.1716,109.752
-2.17149,85.2265
-2.17138,342.891
-2.17134,306.792
-2.17112,298.468
-2.17108,295.873
-2.17081,106.128
-2.1707,40.47
-2.17068,3.14238
-2.17063,135.202
-2.17061,8.20136
-2.17046,104.096
-2.17031,117.033
-2.17021,96.978
-2.1701,75.1933
-2.17008,216.657
-2.17001,135.663
-2.17,11.2565
-2.16979,141.391
-2.16979,129.377
-2.16972,258.032
-2.1697,237.191
-2.16969,149.557
-2.16946,208.195
-2.16936,182.388
-2.16934,137.011
-2.16933,187.195
-2.16907,132.702
-2.16896,66.7657
-2.16896,113.425
-2.16895,184.735
-2.16894,122.156
-2.16883,274.637
-2.16855,126.735
-2.16845,175.581
-2.16804,24.4277
-2.16799,23.1698
-2.16774,170.711
-2.16759,145.187
-2.16758,141.975
-2.16756,95.4019
-2.16749,203.961
-2.16748,143.786
-2.16694,229.627
-2.16694,97.8458
-2.1668,141.322
-2.16672,18.7805
-2.16663,39.6225
-2.16653,169.851
-2.16645,72.7431
-2.16638,83.7621
-2.16635,201.393
-2.16634,117.671
-2.16623,250.831
-2.16608,188.445
-2.16593,80.0416
-2.16588,279.422
-2.16583,359.59
-2.16581,116.667
-2.16572,214.121
-2.1657,78.7401
-2.16501,77.4217
-2.16491,8.85607
-2.16489,279.641
-2.16487,147.86
-2.16478,180.652
-2.16463,96.2368
-2.16461,224.175
-2.16459,126.286
-2.16452,215.616
-2.16449,187.951
-2.16439,306.818
-2.16438,112.275
-2.16436,180.091
-2.16426,6.75718
-2.16424,87.0348
-2.16422,359.027
-2.16418,99.2896
-2.16348,140.797
-2.16344,234.312
-2.1634,232.34
-2.16339,289.487
-2.16328,61.5125
-2.16315,170.424
-2.1631,14.0401
-2.16286,151.546
-2.16284,275.637
-2.16257,82.7135
-2.16253,258.794
-2.16243,342.251
-2.16242,78.9427
-2.16235,187.762
-2.16233,119.363
-2.1623,88.7182
-2.16217,15.2494
-2.16217,173.547
-2.16198,288.016
-2.1619,33.7143
-2.16184,23.1059
-2.16184,141.834
-2.1618,150.308
-2.16176,248.571
-2.16164,357.558
-2.16152,271.637
-2.1615,155.729
-2.16131,273.568
-2.16131,34.4655
-2.16128,193.189
-2.16122,193.338
-2.16117,143.461
-2.16106,18.5381
-2.16099,53.1336
-2.16092,46.3291
-2.16091,82.0917
-2.16064,72.5888
-2.16051,144.345
-2.16048,359.265
-2.16009,154.926
-2.16008,243.129
-2.16003,148.392
-2.16001,75.4156
-2.15991,203.339
-2.15989,354.063
-2.15977,237.455
-2.15961,215.73
-2.15958,181.518
-2.15956,333.98
-2.15949,153.503
-2.15933,22.9937
-2.1593,11.3993
-2.15917,204.325
-2.15914,37.543
-2.15877,128.543
-2.15873,161.71
-2.15868,246.903
-2.15868,270.174
-2.15868,281.859
-2.15862,179.182
-2.15839,50.676
-2.1583,334.173
-2.15819,213.44
-2.15816,344.585
-2.15793,94.1468
-2.15773,24.5598
-2.15751,150.477
-2.1575,111.93
-2.15733,233.356
-2.15733,359.734
-2.15723,245.19
-2.15716,279.823
-2.15683,143.032
-2.15666,328.976
-2.15656,21.2516
-2.15628,66.91
-2.15628,121.7
-2.15625,160.682
-2.15619,143.561
-2.15619,102.153
-2.15618,119.927
-2.15618,103.345
-2.1561,233.722
-2.15608,74.3139
-2.15605,208.107
-2.15602,146.836
-2.15601,53.0568
-2.15592,300.519
-2.15587,214.547
-2.15552,211.762
-2.15538,174.379
-2.15537,98.9613
-2.15536,71.046
-2.15519,118.855
-2.15517,257.655
-2.15516,191.079
-2.15511,282.368
-2.1548,192.28
-2.15476,40.1306
-2.15472,275.404
-2.15467,275.525
-2.15465,131.475
-2.1545,68.8336
-2.1545,151.983
-2.15442,164.861
-2.15414,349.954
-2.15376,287.446
-2.15374,181.301
-2.15365,14.2247
-2.15362,159.073
-2.1533,67.1584
-2.1531,68.4859
-2.15309,60.9472
-2.15284,21.3808
-2.15263,244.362
-2.15258,155.666
-2.15233,192.532
-2.15216,18.9507
-2.15216,11.75
-2.15216,159.205
-2.15207,144.13
-2.15199,0.681082
-2.15169,15.1799
-2.15155,212.65
-2.15155,234.512
-2.15147,36.0804
-2.15139,143.673
-2.15138,239.188
-2.15124,291.132
-2.15114,107.358
-2.15103,170.82
-2.15095,331.529
-2.15083,59.4413
-2.15071,283.132
-2.15057,144.916
-2.1503,165.391
-2.15026,270.029
-2.15022,129.135
-2.15019,131.078
-2.15008,146.661
-2.1499,326.948
-2.14984,155.569
-2.14984,100.4
-2.14973,181.638
-2.14949,334.024
-2.1493,140.96
-2.14928,293.779
-2.14926,173.928
-2.14909,201.569
-2.14904,166.639
-2.14889,126.827
-2.14881,35.6804
-2.1488,120.226
-2.14872,74.8574
-2.14864,188.674
-2.14863,289.75
-2.14859,75.6742
-2.14851,159.383
-2.14846,111.287
-2.14842,265.453
-2.14831,128.639
-2.14807,211.103
-2.14801,8.88244
-2.14798,18.7287
-2.14777,98.1907
-2.14758,57.396
-2.14745,202.908
-2.14723,275.038
-2.14722,120.64
-2.14709,5.04747
-2.14701,127.712
-2.14689,145.024
-2.14685,142.462
-2.14676,274.785
-2.14671,127.512
-2.14669,118.155
-2.1466,135.655
-2.14654,174.824
-2.14647,250.875
-2.14631,188.517
-2.14631,22.6497
-2.14624,110.77
-2.14614,354.657
-2.1461,155.885
-2.14606,207.316
-2.14594,75.7832
-2.1459,177.891
-2.14578,72.0131
-2.14574,146.218
-2.14569,258.346
-2.14564,131.531
-2.14563,149.592
-2.1455,183.225
-2.1455,116.093
-2.14522,150.964
-2.14488,201.853
-2.14483,162.003
-2.14472,240.699
-2.14469,121.567
-2.14467,85.1091
-2.14457,279.554
-2.14455,120.486
-2.14455,118.654
-2.14452,132.196
-2.14447,288.795
-2.14438,23.5821
-2.14437,198.666
-2.14402,25.1873
-2.14385,72.2656
-2.14376,132.116
-2.14345,169.494
-2.1434,130.339
-2.14334,357.206
-2.14333,2.09716
-2.1432,105.878
-2.14316,117.4
-2.14298,107.139
-2.14296,99.6765
-2.14258,101.549
-2.14254,201.469
-2.14229,151.694
-2.14215,96.6641
-2.14211,85.3965
-2.14194,329.006
-2.14177,291.704
-2.14176,357.004
-2.14168,142.186
-2.14161,32.9035
-2.14146,243.947
-2.14138,61.9538
-2.14134,308.433
-2.1413,71.47
-2.14114,359.193
-2.14101,105.301
-2.14097,213.499
-2.14093,314.724
-2.14088,198.281
-2.14088,78.677
-2.14081,119.429
-2.1408,281.114
-2.14064,45.8974
-2.1403,35.2849
-2.14006,238.787
-2.14005,130.207
-2.13992,128.935
-2.13988,186.666
-2.13973,22.8562
-2.1396,82.9093
-2.13952,153.261
-2.13937,215.221
-2.13931,225.685
-2.1391,127.67
-2.13902,229.066
-2.13896,173.922
-2.13894,24.1193
-2.13881,207.436
-2.13879,164.538
-2.13869,287.859
-2.13861,248.764
-2.13808,122.334
-2.13804,144.833
-2.13797,109.348
-2.13784,289.347
-2.13783,280.137
-2.13756,284.977
-2.13756,68.8876
-2.13755,353.789
-2.13749,344.349
-2.13728,278.586
-2.13725,276.297
-2.13692,206.972
-2.13654,249.252
-2.13652,33.4939
-2.13624,208.517
-2.13595,212.858
-2.13588,232.643
-2.13579,275.928
-2.13544,151.259
-2.13536,144.618
-2.13523,145.638
-2.13521,40.6709
-2.13518,358.888
-2.13511,135.578
-2.13504,72.5774
-2.13504,166.498
-2.13499,100.99
-2.13492,338.936
-2.13458,182.083
-2.13452,154.606
-2.13447,334.209
-2.13436,14.1931
-2.13434,144.181
-2.13413,141.01
-2.13407,151.181
-2.13405,122.682
-2.13389,230.586
-2.1338,69.6952
-2.13379,154.134
-2.13358,359.869
-2.13332,72.2159
-2.13325,249.517
-2.13317,135.335
-2.13304,188.318
-2.1329,271.434
-2.1329,346.15
-2.13273,197.708
-2.13271,37.2893
-2.13259,278.189
-2.13254,6.63181
-2.13249,170.06
-2.13244,230.374
-2.1324,186.853
-2.13222,69.2116
-2.13217,20.8426
-2.1321,21.3466
-2.13207,357.613
-2.132,197.214
-2.13197,177.732
-2.13192,119.515
-2.13184,228.614
-2.13182,115.532
-2.13168,217.202
-2.13164,151.608
-2.13161,233.559
-2.13151,71.2418
-2.13134,189.038
-2.13124,230.329
-2.13113,275.5
-2.13112,23.483
-2.13107,141.534
-2.13106,188.95
-2.13082,162.314
-2.13081,122.12
-2.13077,62.9546
-2.13062,159.829
-2.12996,34.1527
-2.12975,215.645
-2.12975,207.634
-2.12974,171.317
-2.12963,169.453
-2.12959,169.385
-2.12951,271.532
-2.12949,69.8558
-2.12943,50.6575
-2.12943,150.158
-2.12938,123.167
-2.12933,126.662
-2.12927,359.118
-2.12918,154.868
-2.12888,136.698
-2.12869,31.5571
-2.12861,74.577
-2.12847,183.496
-2.12844,140.761
-2.12832,75.0429
-2.12812,24.7427
-2.1281,342.356
-2.12803,244.93
-2.128,325.84
-2.12797,171.388
-2.12778,359.055
-2.1277,277.223
-2.12768,201.361
-2.12766,232.54
-2.12766,29.5378
-2.12753,161.642
-2.12747,145.762
-2.1274,156.414
-2.12738,206.497
-2.12709,126.212
-2.12684,95.3932
-2.12668,211.641
-2.12666,218.37
-2.12665,14.7538
-2.12641,231.945
-2.12632,140.082
-2.12627,128.286
-2.12611,77.5003
-2.12611,23.7097
-2.12569,106.526
-2.12557,279.335
-2.1255,141.773
-2.1255,120.807
-2.12547,86.2351
-2.12534,183.601
-2.12514,58.2992
-2.12512,241.582
-2.1251,140.711
-2.12508,212.711
-2.12504,210.05
-2.12498,12.0779
-2.1249,23.1988
-2.12482,342.406
-2.12479,144.712
-2.12477,18.3518
-2.12476,191.338
-2.12437,354.358
-2.12436,358.83
-2.12429,176.341
-2.12427,130.672
-2.12426,38.5035
-2.12418,14.4401
-2.12409,6.09555
-2.12396,193.108
-2.12382,113.971
-2.12379,127.116
-2.12375,216.289
-2.12363,141.599
-2.12351,105.557
-2.1235,71.8126
-2.12332,283.498
-2.12332,143.796
-2.12321,24.4585
-2.12311,173.223
-2.12303,170.375
-2.12299,168.239
-2.12286,148.515
-2.12282,265.462
-2.12275,18.5652
-2.12261,75.1184
-2.1226,213.162
-2.1225,112.016
-2.12245,36.8134
-2.12233,150.638
-2.12232,140.349
-2.1223,145.137
-2.12207,142.534
-2.12206,187.371
-2.12202,164.056
-2.12178,279.171
-2.12175,236.565
-2.12145,314.343
-2.12139,97.6823
-2.12134,340.647
-2.12132,170.538
-2.12127,275.067
-2.12108,274.464
-2.12106,168.914
-2.12098,101.613
-2.12096,95.4714
-2.12092,275.584
-2.12086,140.9
-2.12082,94.899
-2.12075,63.0642
-2.12068,184.395
-2.12036,99.9487
-2.12029,223.849
-2.12026,44.8899
-2.12011,24.1931
-2.12007,155.215
-2.11984,9.11553
-2.11967,152.324
-2.11947,5.61542
-2.11945,141.667
-2.11934,130.018
-2.11919,65.8874
-2.11919,129.182
-2.11916,146.384
-2.119,61.5202
-2.11896,189.267
-2.1188,206.364
-2.11878,150.542
-2.11874,359.006
-2.11852,128.731
-2.1185,14.3827
-2.11842,100.644
-2.11828,279.618
-2.11804,339.519
-2.11802,216.901
-2.11796,80.976
-2.11795,38.978
-2.11791,31.1309
-2.1178,29.4824
-2.11772,356.963
-2.11768,243.03
-2.11753,195.88
-2.11752,215.042
-2.11728,159.682
-2.11718,244.838
-2.11692,169.321
-2.11683,248.837
-2.11662,23.0977
-2.11645,236.918
-2.11625,289.588
-2.11611,35.1175
-2.11602,38.0384
-2.11601,24.6624
-2.11599,16.6826
-2.11587,343.234
-2.11578,164.951
-2.11575,202.719
-2.11566,120.102
-2.11558,265.308
-2.11554,100.911
-2.1155,131.647
-2.11518,5.97336
-2.11517,117.045
-2.1151,158.468
-2.11502,130.405
-2.11494,358.111
-2.1149,120.337
-2.11485,158.725
-2.11475,354.401
-2.11471,249.815
-2.11458,160.578
-2.11451,267.284
-2.1145,198.443
-2.1144,235.594
-2.11431,57.5858
-2.11426,61.0484
-2.1142,112.762
-2.11387,70.1411
-2.11374,141.288
-2.11372,358.77
-2.11366,153.327
-2.1135,170.478
-2.11344,21.2754
-2.11339,111.677
-2.11338,127.012
-2.11335,79.9769
-2.11325,50.0251
-2.11323,230.54
-2.1132,281.772
-2.11312,97.4601
-2.11308,28.2119
-2.11303,192.011
-2.11303,67.0145
-2.11295,250.592
-2.11282,190.977
-2.11264,144.971
-2.11241,95.5457
-2.1123,140.517
-2.11225,15.058
-2.1122,193.268
-2.11212,135.099
-2.11203,107.753
-2.11176,201.607
-2.11176,69.7734
-2.11169,284.305
-2.11165,342.98
-2.11152,24.3067
-2.11139,145.907
-2.11134,187.332
-2.1113,229.46
-2.11122,170.22
-2.11121,88.8947
-2.11121,162.681
-2.11116,155.725
-2.11112,275.703
-2.1111,245.159
-2.11105,155.406
-2.11083,184.533
-2.11082,62.7037
-2.11061,272.474
-2.11049,168.052
-2.11044,22.8302
-2.1103,154.036
-2.11027,188.222
-2.11003,213.96
-2.11002,144.274
-2.10998,174.107
-2.10995,285.413
-2.10982,145.537
-2.10937,169.708
-2.10921,217.867
-2.10908,7.38941
-2.10895,4.95022
-2.10885,14.1579
-2.10879,196.805
-2.10855,34.0159
-2.10854,32.1247
-2.10832,159.22
-2.10831,31.7747
-2.10831,111.379
-2.10806,132.207
-2.10805,4.86695
-2.10795,145.467
-2.10791,344.507
-2.10763,268.574
-2.10762,170.147
-2.1076,234.523
-2.10747,21.2001
-2.10707,271.266
-2.10696,192.566
-2.10676,236.082
-2.10653,283.691
-2.10649,145.829
-2.1064,144.879
-2.10623,177.112
-2.10609,0.944831
-2.10601,265.765
-2.10581,159.65
-2.10577,233.131
-2.10575,23.5471
-2.10571,175.789
-2.10568,141.445
-2.10563,150.254
-2.10561,20.8749
-2.10555,231.931
-2.10554,95.2466
-2.1055,125.796
-2.1054,20.8386
-2.10516,169.516
-2.10502,279.694
-2.10484,129.291
-2.10481,276.38
-2.10478,92.0892
-2.10457,155.261
-2.10456,46.1777
-2.10451,72.3449
-2.1044,103.304
-2.10438,216.739
-2.10436,98.916
-2.10404,234.824
-2.10395,283.103
-2.10341,314.405
-2.10324,117.158
-2.1032,160.485
-2.10318,145.276
-2.10317,98.9969
-2.10299,242.562
-2.10279,127.366
-2.10271,141.367
-2.10264,148.677
-2.10263,284.04
-2.1026,204.814
-2.1025,99.867
-2.10225,166.369
-2.1022,24.6264
-2.10201,141.821
-2.10196,159.355
-2.10177,112.213
-2.10172,293.655
-2.10159,78.7328
-2.10154,212.655
-2.10142,171.826
-2.10125,22.8147
-2.10123,23.1613
-2.10118,198.107
-2.10113,152.729
-2.10109,23.2143
-2.10092,9.05116
-2.10081,142.112
-2.10079,183.679
-2.10064,15.8596
-2.10063,107.239
-2.10061,137.133
-2.10051,109.076
-2.10034,102.339
-2.10033,140.958
-2.10029,73.6638
-2.10027,71.4952
-2.10003,179.129
-2.09993,276.676
-2.0997,159.8
-2.09965,60.9059
-2.09964,130.843
-2.09922,271.652
-2.09922,274.822
-2.09911,288.826
-2.09911,67.1606
-2.09906,231.218
-2.09902,66.4177
-2.09899,131.587
-2.09894,145.891
-2.09879,112.376
-2.09855,111.549
-2.09851,172.044
-2.09833,265.949
-2.09833,208.778
-2.09816,136.545
-2.09812,116.164
-2.09795,215.77
-2.09791,128.89
-2.09777,29.0283
-2.09777,144.043
-2.09775,5.33068
-2.09752,275.417
-2.09752,27.7631
-2.0975,135.43
-2.0973,281.581
-2.09701,108.714
-2.09689,71.7192
-2.09687,168.533
-2.09679,77.6944
-2.09677,223.242
-2.09671,274.676
-2.09649,0.0754954
-2.09638,355.346
-2.09622,181.861
-2.09617,207.885
-2.09608,289.057
-2.09606,170.858
-2.09603,186.506
-2.0959,73.2094
-2.09588,67.5985
-2.09582,12.2924
-2.09575,342.524
-2.0957,271.499
-2.09556,32.2117
-2.09555,71.4054
-2.09554,347.722
-2.09553,202.986
-2.09549,18.3243
-2.09541,64.4913
-2.09528,244.486
-2.09525,355.44
-2.09519,191.252
-2.09507,140.639
-2.09506,215.09
-2.09499,140.677
-2.09495,117.583
-2.0949,194.053
-2.0948,288.977
-2.09474,78.9519
-2.09469,109.155
-2.09458,150.45
-2.09448,93.6083
-2.09411,268.726
-2.09398,0.582862
-2.09398,170.742
-2.09395,189.143
-2.09379,233.841
-2.09373,22.6421
-2.09372,126.227
-2.09371,166.893
-2.09369,216.114
-2.09354,166.393
-2.09346,213.782
-2.09346,64.7101
-2.09346,37.6256
-2.09341,73.8695
-2.09341,168.38
-2.09322,183.259
-2.09309,358.936
-2.09302,274.17
-2.09275,347.974
-2.09268,173.238
-2.09255,333.837
-2.09244,209.916
-2.09233,108.363
-2.09228,66.1664
-2.09228,129.246
-2.09214,110.611
-2.09213,40.5029
-2.09213,153.848
-2.09212,72.6946
-2.09206,320.84
-2.09203,7.80869
-2.09193,230.289
-2.09182,169.449
-2.09168,45.6872
-2.09165,120.01
-2.09156,329.117
-2.0914,20.4648
-2.09137,130.772
-2.09131,174.501
-2.09126,266.308
-2.09121,191.819
-2.09121,279.233
-2.09121,61.5852
-2.0912,152.075
-2.09118,66.3347
-2.09108,69.9098
-2.09087,173.935
-2.09077,215.233
-2.09077,71.1105
-2.09026,176.94
-2.09025,192.165
-2.09015,294.962
-2.09011,148.079
-2.08996,347.604
-2.08981,276.904
-2.08971,30.7397
-2.0896,166.655
-2.08947,185.853
-2.0894,288.191
-2.08935,54.202
-2.08934,131.726
-2.08929,32.8305
-2.08927,24.5138
-2.08923,95.5048
-2.08882,147.905
-2.08821,71.9667
-2.08812,10.6473
-2.08805,337.16
-2.08784,90.0624
-2.08779,234.025
-2.08761,73.8236
-2.08711,107.392
-2.08672,168.599
-2.08665,67.2437
-2.08664,69.71
-2.08662,150.105
-2.08631,293.506
-2.0862,215.656
-2.08594,88.5855
-2.08582,84.6693
-2.08576,6.86101
-2.08571,38.0493
-2.08566,278.801
-2.08555,357.194
-2.08525,208.979
-2.08492,18.4515
-2.08471,26.8138
-2.08464,126.573
-2.08446,279.194
-2.08415,343.868
-2.08405,181.493
-2.08405,125.485
-2.08395,66.9724
-2.08394,278.285
-2.08391,132.107
-2.08389,291.382
-2.08374,248.761
-2.08367,145.12
-2.08364,212.543
-2.08356,195.039
-2.08355,293.556
-2.08349,358.032
-2.08342,12.8721
-2.08335,106.499
-2.08319,24.785
-2.08314,109.031
-2.08313,55.5782
-2.08283,240.335
-2.08275,190.369
-2.08275,62.5449
-2.08255,85.2731
-2.0825,136.718
-2.08243,243.088
-2.08243,65.9293
-2.08223,195.441
-2.08221,319.743
-2.08217,276.375
-2.08215,198.031
-2.08206,185.724
-2.082,356.875
-2.08196,63.4177
-2.08195,154.164
-2.08194,121.27
-2.08179,143.427
-2.08177,110.255
-2.08172,192.41
-2.08166,216.978
-2.08165,162.771
-2.08131,228.086
-2.08122,24.4474
-2.08114,125.543
-2.08111,153.274
-2.08105,182.154
-2.08101,149.656
-2.08098,101.977
-2.08095,153.573
-2.08091,23.9569
-2.08089,150.051
-2.08068,159.451
-2.08035,47.3675
-2.08035,7.98527
-2.08024,277.891
-2.08016,144.146
-2.08013,277.841
-2.08011,5.50519
-2.08001,64.7377
-2.07997,182.069
-2.07971,207.592
-2.07949,23.5147
-2.07946,357.017
-2.07928,199.931
-2.07913,23.0831
-2.07909,17.6623
-2.07887,114.071
-2.07886,275.309
-2.07859,22.9536
-2.07853,277.514
-2.07848,283.361
-2.07839,106.216
-2.07836,279.641
-2.07832,147.707
-2.07794,58.2178
-2.07783,128.565
-2.07773,150.75
-2.07772,271.837
-2.07738,167.486
-2.07733,134.592
-2.07729,24.6712
-2.07725,275.944
-2.077,9.14463
-2.077,94.9464
-2.07694,148.278
-2.07683,162.772
-2.07678,103.67
-2.07671,0.897283
-2.07661,115.077
-2.07655,342.883
-2.07589,130.239
-2.07577,100.633
-2.07575,20.7076
-2.07572,161.33
-2.07568,270.069
-2.0753,165.041
-2.07521,145.693
-2.0752,170.656
-2.07518,271.726
-2.07515,187.124
-2.07501,20.0093
-2.07493,34.1312
-2.07487,343.304
-2.07486,109.581
-2.07479,164.234
-2.07473,119.829
-2.07456,274.484
-2.07448,216.538
-2.07437,164.498
-2.07434,295.006
-2.0742,273.672
-2.07419,302.069
-2.07419,164.894
-2.07417,131.469
-2.07411,145.78
-2.07401,177.227
-2.07396,29.3571
-2.07392,69.8452
-2.07391,242.041
-2.07388,71.3476
-2.07383,170.046
-2.0734,212.701
-2.0733,53.1483
-2.07327,248.508
-2.07311,23.802
-2.0731,142.04
-2.07308,43.6442
-2.07306,6.06982
-2.07299,277.983
-2.07296,224.104
-2.07287,151.633
-2.07273,215.774
-2.07261,11.1475
-2.07229,85.2198
-2.07221,148.811
-2.07216,74.9755
-2.07213,150.365
-2.0721,225.779
-2.07207,110.509
-2.07201,267.53
-2.072,73.0859
-2.07192,271.546
-2.07186,245.251
-2.07183,14.6422
-2.07173,144.792
-2.07151,319.802
-2.07145,61.2691
-2.07144,141.361
-2.07143,32.4152
-2.07126,39.5194
-2.07118,347.69
-2.07112,114.846
-2.07089,276.706
-2.07087,140.917
-2.07084,139.757
-2.07073,67.887
-2.07065,181.784
-2.07062,230.323
-2.07045,293.99
-2.07026,78.8259
-2.07023,142.761
-2.07021,344.503
-2.06997,228.971
-2.06996,95.0414
-2.06989,128.801
-2.06977,71.9114
-2.06955,233.392
-2.06953,74.7143
-2.06927,342.439
-2.0692,71.2177
-2.06913,211.183
-2.06904,166.203
-2.06887,218.252
-2.06885,210.018
-2.06859,265.183
-2.06849,233.789
-2.06832,201.384
-2.06832,270.866
-2.06829,251.89
-2.06825,38.1289
-2.06808,168.566
-2.06801,136.664
-2.0675,71.0556
-2.06726,355.51
-2.06724,117.014
-2.06701,33.7464
-2.06699,159.112
-2.06698,229.078
-2.06688,144.616
-2.06687,39.3985
-2.06672,142.612
-2.06657,269.475
-2.06652,355.268
-2.06642,55.6155
-2.06607,136.43
-2.06602,192.634
-2.06599,151.998
-2.0659,141.32
-2.06588,92.2497
-2.06583,72.3286
-2.06568,149.17
-2.06565,148.58
-2.06543,40.5852
-2.06541,199.275
-2.0654,145.012
-2.06522,69.0829
-2.06502,252.832
-2.06487,186.196
-2.06474,171.214
-2.06449,103.561
-2.06428,19.8165
-2.06422,270.141
-2.06335,63.2642
-2.06335,5.48914
-2.06292,289.802
-2.06292,67.1589
-2.06292,118.909
-2.0629,161.749
-2.06285,99.7424
-2.0627,190.612
-2.06259,91.4002
-2.06235,281.914
-2.06222,3.2788
-2.06222,130.664
-2.06216,217.195
-2.062,340.585
-2.06199,181.112
-2.06188,187.175
-2.06186,319.671
-2.06186,168.233
-2.06184,181.269
-2.06177,222.451
-2.06174,213.707
-2.06174,75.1999
-2.06168,210.286
-2.06144,243.98
-2.06134,59.6023
-2.06129,23.6792
-2.06127,100.423
-2.06097,224.173
-2.0607,193.019
-2.06041,129.927
-2.0602,150.185
-2.05989,82.8719
-2.05985,126.634
-2.05968,276.67
-2.05958,344.472
-2.05938,215.61
-2.05937,41.0009
-2.05934,143.725
-2.05933,236.54
-2.0592,78.9022
-2.05918,177.18
-2.05915,144.517
-2.05911,354.206
-2.05907,236.407
-2.05884,160.441
-2.05873,116.184
-2.05867,202.944
-2.05837,192.739
-2.05834,34.423
-2.05801,53.0696
-2.05791,72.0266
-2.05787,141.272
-2.0578,39.9766
-2.0578,128.672
-2.05767,122.714
-2.05759,117.154
-2.05755,326.113
-2.05743,294.047
-2.05743,154.954
-2.05738,6.84677
-2.05731,69.2749
-2.0573,342.548
-2.05723,356.751
-2.0572,217.123
-2.05717,63.0627
-2.05708,285.334
-2.05708,138.819
-2.05689,141.656
-2.0568,120.763
-2.05678,29.4358
-2.05673,207.694
-2.05667,103.429
-2.05655,241.673
-2.05655,185.425
-2.05654,140.744
-2.05651,209.031
-2.05648,71.4162
-2.05642,141.174
-2.05631,34.4666
-2.05631,29.0128
-2.0562,32.9399
-2.0561,63.825
-2.05606,279.38
-2.05605,125.816
-2.05596,274.964
-2.05592,174.117
-2.0559,18.5789
-2.05586,279.281
-2.05566,188.007
-2.05559,151.238
-2.05536,128.712
-2.05529,61.1641
-2.05528,125.276
-2.05527,155.208
-2.05526,24.6512
-2.05518,237.642
-2.05512,227.458
-2.05505,20.8506
-2.05503,129.131
-2.055,94.8868
-2.05488,180.976
-2.05481,74.8403
-2.05481,109.495
-2.05468,69.7578
-2.05461,291.216
-2.05449,192.501
-2.0544,168.844
-2.05427,145.487
-2.05405,193.403
-2.05386,275.999
-2.05374,31.1612
-2.05373,71.0192
-2.05369,166.579
-2.05366,170.702
-2.05361,142.679
-2.05345,96.7111
-2.05328,150.426
-2.05327,61.3219
-2.05321,174.721
-2.05315,273.49
-2.05312,136.994
-2.05302,169.361
-2.05273,203.546
-2.05268,30.6867
-2.05263,249.207
-2.05242,108.855
-2.05238,71.4853
-2.0523,199.876
-2.05227,185.883
-2.05225,121.077
-2.0522,79.8739
-2.05216,37.8993
-2.05205,252.362
-2.05185,142.509
-2.05183,23.4026
-2.05172,348.055
-2.05166,342.976
-2.05159,280.706
-2.05156,217.87
-2.05141,72.5097
-2.0514,70.122
-2.05138,132.664
-2.0511,89.3169
-2.0508,142.187
-2.05072,334.23
-2.05066,203.787
-2.05054,34.2103
-2.05044,18.2994
-2.05022,202.076
-2.05022,140.865
-2.05021,132.562
-2.05013,271.717
-2.05011,104.889
-2.05004,276.109
-2.04998,235.596
-2.04973,354.27
-2.04972,12.0369
-2.0497,278.172
-2.04959,173.33
-2.04939,171.294
-2.04935,17.1613
-2.04932,209.465
-2.04922,211.475
-2.04921,5.89043
-2.04907,141.41
-2.04871,50.9108
-2.04863,174.55
-2.04853,342.326
-2.0485,179.273
-2.0484,37.7244
-2.04824,338.867
-2.04821,215.35
-2.04816,70.3027
-2.0481,46.7854
-2.04806,157.133
-2.04783,24.3512
-2.04779,111.534
-2.04763,214.853
-2.04762,147.757
-2.04758,145.393
-2.04755,36.4079
-2.04754,268.609
-2.04753,277.227
-2.04736,214.806
-2.04734,19.2112
-2.04728,215.723
-2.04717,198.478
-2.04716,85.1815
-2.04713,289.714
-2.04703,107.02
-2.04697,81.9048
-2.04693,250.026
-2.04693,119.968
-2.04662,4.98646
-2.04661,152.26
-2.04652,186.066
-2.04608,159.417
-2.04599,217.994
-2.04592,135.544
-2.04579,227.107
-2.04578,18.4224
-2.04574,238.14
-2.04559,290.039
-2.04537,338.92
-2.04524,162.246
-2.04513,141.963
-2.04502,154.827
-2.04487,96.3662
-2.04455,36.6554
-2.04446,169.478
-2.04436,136.208
-2.04435,182.597
-2.04415,172.897
-2.04405,181.479
-2.04377,71.586
-2.04362,171.628
-2.04357,153.775
-2.04353,46.435
-2.04348,182.932
-2.04342,166.48
-2.04338,164.31
-2.04327,357.155
-2.04326,33.0226
-2.04313,73.8637
-2.04312,206.388
-2.04309,64.8391
-2.04298,102.167
-2.04297,344.521
-2.04288,342.427
-2.04277,114.179
-2.04274,34.5618
-2.04265,126.243
-2.04258,199.732
-2.04232,34.5126
-2.04231,19.568
-2.04224,75.354
-2.04214,96.9919
-2.04209,120.376
-2.04205,186.361
-2.04189,209.588
-2.04187,129.307
-2.04176,172.602
-2.04174,19.0445
-2.04165,347.731
-2.04165,112.936
-2.04159,238.401
-2.04152,98.3332
-2.04133,244.931
-2.04133,356.92
-2.04111,258.26
-2.04103,145.068
-2.04085,147.955
-2.04083,192.339
-2.04081,187.382
-2.04074,192.079
-2.04072,283.492
-2.04069,347.69
-2.04066,296.302
-2.04028,12.402
-2.04005,118.23
-2.03988,295.372
-2.03965,161.599
-2.03961,22.6047
-2.0396,18.467
-2.03953,177.178
-2.03937,215.237
-2.03905,111.443
-2.0388,152.175
-2.03865,281.467
-2.03848,151.919
-2.03836,340.392
-2.03816,154.981
-2.03813,294.335
-2.03807,57.7904
-2.03795,168.829
-2.03793,188.718
-2.03777,167.216
-2.03775,66.367
-2.0376,150.795
-2.03743,358.764
-2.03743,162.023
-2.03726,338.991
-2.03723,155.512
-2.03708,117.972
-2.03707,177.254
-2.03703,102.341
-2.03693,115.142
-2.03685,159.16
-2.03684,99.0583
-2.03652,263.753
-2.03646,230.894
-2.03638,98.0421
-2.03632,238.088
-2.03622,62.2966
-2.0362,37.4983
-2.03608,91.4532
-2.03606,39.6963
-2.03594,75.0374
-2.0358,24.0398
-2.03563,345.122
-2.03538,355.265
-2.0353,103.976
-2.03529,171.93
-2.03488,258.391
-2.03487,142.063
-2.0348,74.5495
-2.03472,24.6312
-2.03469,138.996
-2.03463,151.811
-2.03452,170.262
-2.03447,54.9199
-2.03428,209.059
-2.03417,346.836
-2.03398,354.291
-2.03395,108.938
-2.03394,144.892
-2.03389,160.146
-2.03368,245.33
-2.03367,150.571
-2.03351,7.92992
-2.03342,129.642
-2.03326,119.014
-2.03325,54.2132
-2.03316,95.3739
-2.03279,116.954
-2.0326,277.825
-2.03234,145.198
-2.03231,67.1062
-2.03228,279.35
-2.03189,188.858
-2.03186,272.17
-2.03175,155.578
-2.03173,166.783
-2.03167,160.416
-2.0314,209.512
-2.03135,148.907
-2.0312,291.213
-2.03119,198.611
-2.03117,188.944
-2.03114,169.067
-2.03113,11.4692
-2.03103,281.847
-2.03095,310.121
-2.03092,171.523
-2.03084,35.6336
-2.03078,215.388
-2.03056,125.147
-2.03054,67.6707
-2.03046,326.132
-2.03044,174.365
-2.03024,277.055
-2.03023,144.267
-2.03021,135.733
-2.03004,9.33122
-2.02996,24.5356
-2.0298,198.16
-2.02912,162.664
-2.0291,96.4515
-2.02906,253.815
-2.02899,76.4233
-2.02897,216.56
-2.02869,215.769
-2.02867,168.353
-2.02859,98.9681
-2.02843,288.135
-2.02842,257.419
-2.02827,343.23
-2.02819,140.428
-2.02806,123.79
-2.02804,153.6
-2.02797,281.055
-2.02794,105.624
-2.02748,17.4254
-2.02733,229.921
-2.02725,212.293
-2.02682,145.521
-2.02672,271.112
-2.02668,234.966
-2.02667,186.813
-2.02667,141.713
-2.02664,94.9548
-2.02635,278.995
-2.02623,158.896
-2.02611,189.959
-2.02597,175.264
-2.02594,165.637
-2.02585,151.347
-2.02576,201.727
-2.02561,142.361
-2.02556,46.9673
-2.02553,103.822
-2.02542,94.2125
-2.02529,101.838
-2.02513,231.52
-2.02501,103.261
-2.02496,119.546
-2.02485,230.076
-2.02479,163.419
-2.0247,79.9128
-2.02453,99.7316
-2.02438,238.895
-2.02435,112.137
-2.02433,129.182
-2.02397,115.497
-2.02394,336.487
-2.02391,126.576
-2.02383,118.224
-2.0238,21.4177
-2.0237,191.434
-2.02348,166.229
-2.02296,99.3252
-2.02268,141.496
-2.02265,12.6927
-2.02263,207.908
-2.02258,0.589005
-2.02255,62.6911
-2.02254,161.068
-2.02246,113.315
-2.02239,288.069
-2.02237,196.061
-2.02201,146.299
-2.022,278.698
-2.022,117.345
-2.02194,120.191
-2.02191,279.499
-2.02191,147.619
-2.0219,159.362
-2.02189,109.659
-2.0218,128.533
-2.02177,176.928
-2.02176,271.197
-2.02169,131.519
-2.02163,334.144
-2.02157,111.962
-2.02148,183.548
-2.02139,130.433
-2.02135,69.8275
-2.02131,136.534
-2.02129,128.302
-2.02126,34.137
-2.02117,113.983
-2.02094,130.373
-2.0209,194.1
-2.02079,77.4034
-2.02061,18.5214
-2.02059,36.9924
-2.02004,174.022
-2.01998,115.311
-2.01996,150.479
-2.01991,128.879
-2.0199,117.202
-2.01971,241.087
-2.0197,286.774
-2.01943,355.87
-2.01942,149.181
-2.01927,144.176
-2.01911,145.611
-2.01909,66.1328
-2.01906,38.0337
-2.01904,70.8366
-2.01894,344.38
-2.01891,237.121
-2.01887,183.234
-2.01886,206.782
-2.01866,144.366
-2.01862,338.845
-2.01847,276.014
-2.01839,356.255
-2.01837,340.708
-2.01821,273.621
-2.01803,147.256
-2.01795,104.247
-2.01786,143.058
-2.01784,31.6836
-2.01772,168.655
-2.01762,338.893
-2.01755,352.496
-2.01744,104.974
-2.01737,189.009
-2.01703,183.062
-2.01699,5.46565
-2.01699,152.071
-2.01694,57.8853
-2.01686,141.304
-2.01653,123.535
-2.01651,123.105
-2.01645,343.005
-2.01637,268.532
-2.01636,250.199
-2.01623,326.533
-2.01616,316.25
-2.01613,289.676
-2.01608,53.2719
-2.01607,6.59468
-2.01597,134.72
-2.01596,150.25
-2.01595,196.746
-2.01592,247.27
-2.01589,167.688
-2.0158,147.863
-2.01573,127.121
-2.01567,71.5657
-2.01553,61.6921
-2.0155,118.452
-2.01516,135.116
-2.01502,23.4527
-2.01491,77.5545
-2.01471,19.5928
-2.0147,249.736
-2.01466,215.263
-2.01466,66.2565
-2.01462,241.613
-2.01457,173.749
-2.01456,153.192
-2.01446,14.9565
-2.01433,24.616
-2.0141,149.494
-2.01408,144.959
-2.01385,215.576
-2.01385,150.045
-2.01374,54.2048
-2.01372,222.756
-2.0136,35.4874
-2.01351,31.4517
-2.0135,113.125
-2.01347,296.197
-2.01343,0.761556
-2.01338,350.075
-2.01329,72.9715
-2.01311,51.9011
-2.01308,128.921
-2.01306,91.2187
-2.01287,168.935
-2.01286,216.327
-2.01283,53.1794
-2.01282,172.5
-2.01273,234.389
-2.01252,36.1879
-2.01249,110.094
-2.01245,111.131
-2.01241,175.526
-2.01234,238.092
-2.01223,23.1608
-2.01197,18.3262
-2.01196,154.42
-2.01194,105.935
-2.01181,1.95371
-2.01179,126.701
-2.01167,176.638
-2.01157,69.2111
-2.01134,338.97
-2.01133,140.813
-2.01129,200.939
-2.01126,60.4806
-2.0112,72.222
-2.01118,192.141
-2.01096,240.606
-2.01088,147.088
-2.01083,175.121
-2.01075,167.305
-2.01069,290.941
-2.01065,8.83967
-2.01052,173.933
-2.01043,85.1923
-2.0104,50.8762
-2.01029,170.05
-2.01025,160.88
-2.01019,120.412
-2.01019,103.344
-2.01013,109.166
-2.0101,82.9555
-2.01009,278.294
-2.01004,270.61
-2.00994,188.784
-2.00994,160.645
-2.00982,357.681
-2.00981,343.376
-2.00978,225.712
-2.00971,108.464
-2.00968,30.7782
-2.00964,33.3019
-2.00963,277.168
-2.00963,159.909
-2.00941,158.955
-2.00939,354.895
-2.00923,283.954
-2.0092,229.308
-2.00918,315.581
-2.00914,76.7429
-2.00887,159.493
-2.00879,11.7083
-2.00876,272.081
-2.00871,111.256
-2.00869,141.851
-2.00853,193.079
-2.00846,140.855
-2.0082,251.834
-2.0082,92.0238
-2.00817,23.3862
-2.00811,109.808
-2.00795,181.074
-2.00784,148.631
-2.00774,276.088
-2.00768,91.9273
-2.00762,96.4505
-2.00743,150.99
-2.00739,209.363
-2.00733,61.438
-2.00725,142.637
-2.00709,250.071
-2.00697,87.3078
-2.00693,199.638
-2.00676,336.239
-2.00659,21.2533
-2.00645,192.994
-2.00643,348.39
-2.0064,141.402
-2.00636,343.057
-2.00635,186.015
-2.0063,237.444
-2.00626,14.6017
-2.00624,273.198
-2.00604,140.635
-2.00576,233.151
-2.00574,22.3099
-2.00558,199.466
-2.00551,32.63
-2.00548,285.525
-2.00548,126.285
-2.00541,146.949
-2.00535,120.108
-2.00528,234.157
-2.00516,141.439
-2.00476,23.7202
-2.00472,242.134
-2.0047,23.8522
-2.0046,66.6329
-2.0045,109.565
-2.00449,0.282579
-2.00443,329.397
-2.00412,333.974
-2.00405,144.574
-2.00401,183.601
-2.00388,91.767
-2.00366,61.0662
-2.00355,144.747
-2.0035,67.2449
-2.0034,59.6437
-2.00328,34.476
-2.00291,212.74
-2.00282,57.7297
-2.00279,293.302
-2.00279,141.784
-2.00274,79.9681
-2.00248,61.5032
-2.00248,150.371
-2.00214,141.993
-2.0021,14.4296
-2.00209,257.341
-2.00201,357.058
-2.00194,152.203
-2.0019,71.3452
-2.00189,174.488
-2.00186,234.06
-2.0018,357.599
-2.00165,84.8667
-2.00161,291.454
-2.00158,171.367
-2.00155,102.034
-2.00151,136.749
-2.00121,190.836
-2.00112,41.5882
-2.00103,69.6938
-2.00089,288.713
-2.00086,237.226
-2.0007,162.362
-2.00068,101.704
-1.99997,356.898
-1.61049,155.381
-1.61047,84.5716
-1.61033,23.8022
-1.61021,161.454
-1.61013,227.001
-1.61006,131.691
-1.61,159.358
-1.60987,162.838
-1.60964,163.225
-1.60958,141.711
-1.60952,149.92
-1.60946,66.399
-1.60946,140.831
-1.60915,345.533
-1.60909,177.116
-1.60898,24.5772
-1.60887,108.21
-1.60861,282.592
-1.60829,116.01
-1.60808,66.9081
-1.60803,35.4802
-1.60792,106.337
-1.60783,105.539
-1.6077,238
-1.60752,178.915
-1.60738,186.794
-1.60737,127.776
-1.60735,142.487
-1.6071,15.6123
-1.6068,163.977
-1.60678,278.898
-1.60672,85.6294
-1.6066,332.39
-1.60659,301.469
-1.60633,121.52
-1.60629,150.154
-1.60592,194.968
-1.6057,182.724
-1.60564,273.509
-1.60559,69.2199
-1.60531,61.5388
-1.60521,306.32
-1.6052,282.319
-1.60504,72.3269
-1.60501,162.513
-1.60498,140.918
-1.60462,182.338
-1.60452,60.1263
-1.6045,162.019
-1.6045,160.036
-1.60435,269.891
-1.60426,128.176
-1.60398,158.901
-1.60391,215.66
-1.60385,103.697
-1.60342,142.671
-1.60339,109.892
-1.60331,163.555
-1.60327,15.926
-1.6032,239.508
-1.60311,230.863
-1.60305,356.725
-1.60294,5.30237
-1.60283,108.404
-1.60247,3.16805
-1.60242,272.292
-1.6024,146.471
-1.60236,111.037
-1.6022,190.483
-1.60219,106.838
-1.60216,21.2544
-1.60216,105.794
-1.60203,99.3699
-1.60187,74.3531
-1.60144,357.361
-1.60143,162.112
-1.60114,19.7284
-1.60112,77.4847
-1.60107,196.475
-1.60096,29.2402
-1.60093,218.026
-1.60083,165.018
-1.6007,150.019
-1.60063,125.88
-1.60056,160.503
-1.60054,72.037
-1.60038,173.629
-1.60036,130.437
-1.60027,277.409
-1.60023,184.736
-1.60022,244.886
-1.60012,317.143
-1.59983,144.489
-1.59973,295.444
-1.59969,142.406
-1.59967,230.289
-1.59953,295.547
-1.5993,183.113
-1.59925,39.2673
-1.59901,239.931
-1.599,75.3391
-1.59892,147.548
-1.59878,335.268
-1.59874,202.16
-1.59872,110.454
-1.59865,133.4
-1.59863,14.9178
-1.59858,168.69
-1.5982,289.029
-1.59808,177.772
-1.59775,22.74
-1.59772,168.325
-1.59767,245.076
-1.59744,273.751
-1.59744,78.9897
-1.59731,68.1159
-1.59727,140.453
-1.59723,336.821
-1.59711,34.4785
-1.5971,74.4432
-1.59707,109.801
-1.59702,37.2633
-1.59673,275.318
-1.59669,80.4009
-1.59653,125.717
-1.59645,93.2943
-1.5964,188.118
-1.59635,80.5811
-1.59615,103.582
-1.59604,133.592
-1.59599,357.129
-1.59583,144.603
-1.59579,74.9817
-1.59572,162.401
-1.59541,152.219
-1.59533,11.8653
-1.59522,23.6268
-1.59502,288.382
-1.595,151.555
-1.59472,184.783
-1.5947,80.6536
-1.59469,255.195
-1.59444,21.3247
-1.59439,274.098
-1.59433,25.9139
-1.59432,118.431
-1.59417,258.823
-1.59392,134.617
-1.59383,246.292
-1.59383,154.951
-1.5938,52.0172
-1.5935,101.054
-1.59346,238.28
-1.59288,108.268
-1.59285,279.588
-1.59282,135.252
-1.5925,131.302
-1.59249,196.602
-1.59245,33.7546
-1.59242,121.577
-1.59235,196.041
-1.59229,119.73
-1.59209,209.505
-1.59204,23.5153
-1.59198,29.5058
-1.59197,215.975
-1.59196,79.4448
-1.59191,218.342
-1.59187,232.646
-1.59184,134.113
-1.59176,63.0209
-1.59133,126.981
-1.59126,210.812
-1.59126,98.658
-1.59124,80.4441
-1.59105,176.563
-1.59093,52.1613
-1.59048,186.416
-1.59018,149.177
-1.59018,98.8271
-1.59005,204.859
-1.58993,40.6509
-1.58991,141.05
-1.58975,70.9345
-1.58972,253.164
-1.58965,207.386
-1.58955,62.5813
-1.58954,270.756
-1.58924,257.284
-1.58922,196.545
-1.58922,32.3569
-1.5891,224.049
-1.58905,111.752
-1.58883,168.262
-1.58882,281.714
-1.58872,142.563
-1.58841,141.546
-1.58837,248.613
-1.58813,237.984
-1.58804,173.228
-1.58786,183.625
-1.58779,271.687
-1.58771,97.2418
-1.58769,161.322
-1.58765,173.74
-1.58759,43.2813
-1.58747,200.256
-1.58731,264.48
-1.5873,35.2622
-1.58722,276.062
-1.58722,140.788
-1.58717,95.0583
-1.58694,243.474
-1.58679,216.38
-1.58676,125.586
-1.58664,272.899
-1.58657,271.241
-1.58656,39.4896
-1.58618,22.9855
-1.58614,117.331
-1.58613,128.559
-1.58612,146.564
-1.58602,25.8092
-1.58595,291.094
-1.58594,244.858
-1.58587,86.2801
-1.58586,1.49499
-1.5858,142.964
-1.58576,292.211
-1.58573,214.778
-1.58567,160.12
-1.58552,152.435
-1.58549,158.954
-1.58537,354.746
-1.58536,144.541
-1.58535,193.636
-1.58526,7.0474
-1.58524,146.124
-1.58514,167.518
-1.5851,141.638
-1.58488,98.1251
-1.58478,116.433
-1.58466,14.7704
-1.58455,70.8803
-1.58447,150.298
-1.58442,101.278
-1.58428,161.956
-1.58415,121.972
-1.58406,113.437
-1.58402,73.9058
-1.58401,201.848
-1.58382,165.907
-1.58347,149.225
-1.58345,66.6054
-1.58335,59.9979
-1.58328,238.12
-1.58319,184.479
-1.58316,11.1036
-1.58308,314.72
-1.58303,76.9598
-1.58301,96.431
-1.58297,147.216
-1.58294,115.452
-1.58289,111.488
-1.58275,214.657
-1.58274,196.988
-1.58264,67.6976
-1.58243,164.914
-1.5823,141.814
-1.58225,216.539
-1.58206,166.83
-1.58204,153.404
-1.58195,115.305
-1.58168,60.1644
-1.58165,70.9974
-1.58164,275.846
-1.58158,215.594
-1.58149,312.082
-1.58147,249.843
-1.58145,208.516
-1.58141,157.574
-1.58118,269.717
-1.58089,189.024
-1.58086,159.124
-1.58059,129.794
-1.58043,212.487
-1.58041,117.432
-1.5803,110.553
-1.58026,51.9211
-1.58023,78.7804
-1.58019,186.479
-1.5799,143.468
-1.57947,71.6317
-1.57916,200.691
-1.57909,237.759
-1.57906,237.72
-1.57894,133.819
-1.57889,123.573
-1.57873,279.118
-1.5787,294.071
-1.5785,183.256
-1.57829,24.9309
-1.57821,149.02
-1.57813,291.379
-1.57777,292.599
-1.57766,33.3274
-1.57754,246.688
-1.57752,144.026
-1.5775,234.329
-1.5773,21.7512
-1.57724,151.174
-1.57708,316.714
-1.57692,196.261
-1.57676,276.275
-1.57658,87.6331
-1.57641,171.965
-1.57625,271.942
-1.57624,185.004
-1.5761,22.0372
-1.57601,106.727
-1.57589,167.027
-1.57583,69.587
-1.57581,134.823
-1.57557,230.238
-1.57557,15.0441
-1.57554,69.8503
-1.57543,149.717
-1.57542,67.5637
-1.57528,258.341
-1.57527,182.174
-1.57514,308.945
-1.57502,128.426
-1.57488,186.173
-1.57479,210.127
-1.57475,151.397
-1.57474,144.835
-1.5745,114.678
-1.57437,278.356
-1.5742,179.445
-1.57411,154.386
-1.57407,271.857
-1.57389,266.607
-1.57381,248.431
-1.57357,197.464
-1.57352,94.7956
-1.57349,127.221
-1.57339,249.684
-1.57338,192.655
-1.57319,84.1186
-1.57314,137.75
-1.5731,4.90539
-1.57309,347.883
-1.57308,78.861
-1.57306,277.714
-1.57302,27.9407
-1.5729,169.433
-1.57264,128.676
-1.57246,158.994
-1.57234,63.3595
-1.57225,143.148
-1.57217,161.172
-1.57182,66.3354
-1.57163,66.8335
-1.5716,22.2588
-1.57147,60.0711
-1.57143,157.281
-1.57129,272.439
-1.57127,203.963
-1.57117,227.444
-1.57117,160.645
-1.57113,10.6664
-1.57107,163.243
-1.57105,140.53
-1.57105,99.1474
-1.57099,144.308
-1.57098,201.987
-1.57091,109.733
-1.57084,204.174
-1.5708,115.747
-1.57077,293.767
-1.57072,127.729
-1.57065,110.298
-1.57057,75.8356
-1.57047,168.568
-1.57041,270.974
-1.57024,234.244
-1.57012,162.271
-1.5701,99.899
-1.56988,152.04
-1.56987,150.435
-1.56972,160.769
-1.56966,152.558
-1.56948,128.044
-1.56946,118.682
-1.56934,153.606
-1.5693,188.966
-1.56901,357.293
-1.56879,291.797
-1.56875,34.3137
-1.56862,161.76
-1.56832,312.612
-1.56831,148.679
-1.56828,192.524
-1.5679,8.04853
-1.56777,9.29466
-1.56771,116.903
-1.5677,140.933
-1.56734,111.524
-1.56724,98.2023
-1.56708,61.9383
-1.56707,58.3109
-1.56707,159.061
-1.56706,159.341
-1.56697,173.833
-1.56673,242.676
-1.56653,227.197
-1.56624,144.738
-1.56622,183.543
-1.5656,117.105
-1.56553,5.1902
-1.56538,267.729
-1.56515,74.0872
-1.56493,183.007
-1.56485,40.4415
-1.56453,70.2345
-1.56416,23.6706
-1.56414,175.333
-1.56387,115.906
-1.56383,172.237
-1.56378,109.324
-1.56376,183.013
-1.56357,201.428
-1.56337,181.411
-1.56337,229.801
-1.56333,108.563
-1.56326,77.9246
-1.56316,287.65
-1.56304,116.227
-1.56294,163.416
-1.56292,293.59
-1.56263,188.517
-1.56253,123.815
-1.56238,150.861
-1.56211,75.1932
-1.56198,150.155
-1.56195,288.068
-1.56184,255.835
-1.56181,232.62
-1.56174,136.431
-1.56173,175.13
-1.56157,193.684
-1.5615,92.8797
-1.56119,302.081
-1.56109,156.083
-1.56108,167.746
-1.56094,95.8287
-1.56087,211.549
-1.56085,119.9
-1.56067,93.5706
-1.56055,145.055
-1.56051,168.128
-1.56048,141.509
-1.56043,236.831
-1.56024,70.9747
-1.56023,159.22
-1.56022,258.59
-1.55994,276.013
-1.55991,282.709
-1.55988,85.4709
-1.55986,166.351
-1.55967,145.459
-1.55954,20.9259
-1.55932,292.001
-1.55928,148.37
-1.55925,169.978
-1.55924,79.6606
-1.55913,109.509
-1.55903,173.73
-1.55893,173.897
-1.55885,189.096
-1.55884,160.94
-1.55875,14.7112
-1.55873,155.536
-1.55843,226.695
-1.55838,197.266
-1.55827,98.8069
-1.55824,212.384
-1.55816,125.877
-1.55814,134.282
-1.55811,283.927
-1.55802,70.4275
-1.55797,162.061
-1.55796,153.713
-1.55791,143.294
-1.55785,98.7671
-1.55784,172.879
-1.55783,153.827
-1.55764,275.752
-1.55755,22.8892
-1.55753,124.303
-1.55737,62.4315
-1.55707,212.846
-1.55681,160.599
-1.5568,321.734
-1.55676,155.079
-1.55673,131.769
-1.55657,272.353
-1.55653,293.381
-1.55649,270.437
-1.55649,292.428
-1.55646,40.8402
-1.55642,276.485
-1.55639,95.9566
-1.55624,190.914
-1.55611,113.121
-1.55597,193.428
-1.55593,17.1937
-1.55589,70.9251
-1.5558,235.871
-1.55574,176.534
-1.55573,215.791
-1.55559,259.37
-1.55554,165.186
-1.55543,135.068
-1.55539,304.662
-1.55514,184.388
-1.55512,32.6015
-1.55501,65.8642
-1.55482,147.593
-1.55469,150.366
-1.5546,270.818
-1.55455,134.618
-1.55439,147.271
-1.55403,257.766
-1.5538,66.4547
-1.55358,30.9475
-1.55356,357.425
-1.55348,290.242
-1.55345,136.058
-1.55324,106.951
-1.55321,179.902
-1.5532,148.267
-1.55308,149.979
-1.55306,21.2524
-1.55306,107.961
-1.55298,111.338
-1.55295,230.409
-1.55288,240.715
-1.55285,172.833
-1.55283,198.439
-1.55281,79.3607
-1.55276,182.672
-1.55275,174.842
-1.55274,29.9816
-1.55272,146.046
-1.5527,226.987
-1.55252,162.578
-1.55224,249.29
-1.55215,115.838
-1.55187,201.872
-1.55185,62.1125
-1.55182,240.324
-1.55171,276.377
-1.55167,160.414
-1.55166,179.989
-1.5516,134.675
-1.55158,177.262
-1.55139,150.602
-1.55133,92.7589
-1.55125,35.107
-1.55118,146.907
-1.55097,191.138
-1.55068,52.2362
-1.55065,356.611
-1.55043,255.704
-1.55035,70.1023
-1.55004,99.4973
-1.54999,177.575
-1.54995,83.4377
-1.54995,4.47827
-1.54991,69.3096
-1.54971,234.381
-1.54964,180.526
-1.54961,226.629
-1.54936,178.281
-1.54928,88.6318
-1.54916,235.422
-1.54899,57.2133
-1.54888,272.735
-1.54886,34.9184
-1.5488,24.6693
-1.54877,354.803
-1.54863,246.179
-1.54842,87.864
-1.54833,191.688
-1.54809,135.7
-1.54801,282.844
-1.548,359.524
-1.54797,43.2386
-1.54772,209.792
-1.54748,188.43
-1.54744,235.298
-1.54737,210.325
-1.54716,277.445
-1.54711,217.531
-1.54686,96.7724
-1.54669,249.792
-1.54661,150.85
-1.54631,118.405
-1.54619,271.255
-1.54613,160.433
-1.5461,51.8792
-1.54593,6.15161
-1.54591,227.053
-1.54591,15.0035
-1.54585,170.463
-1.54583,147.434
-1.54574,74.8732
-1.54558,249.507
-1.54536,204.214
-1.54535,84.8392
-1.545,335.871
-1.5447,148.872
-1.54456,86.1851
-1.54451,356.996
-1.5445,31.1443
-1.54448,0.106871
-1.54445,243.344
-1.54444,21.709
-1.54436,94.8332
-1.54435,251.647
-1.54432,106.348
-1.54424,105.061
-1.54402,179.473
-1.54394,73.8409
-1.54391,74.1631
-1.54374,170.295
-1.54373,14.724
-1.5437,149.206
-1.54355,115.691
-1.54322,120.086
-1.5432,107.18
-1.54309,151.194
-1.54308,184.28
-1.54291,89.7105
-1.54261,356.697
-1.54253,209.675
-1.54239,51.9207
-1.54237,181.296
-1.54225,151.307
-1.54222,258.519
-1.54221,118.888
-1.54207,156.169
-1.54202,164.305
-1.54201,290.61
-1.54199,21.9676
-1.54197,206.058
-1.54184,288.527
-1.54117,110.675
-1.54109,160.899
-1.54068,188.145
-1.54059,23.5076
-1.54057,214.418
-1.54051,343.97
-1.5402,288.469
-1.54018,148.534
-1.54006,129.141
-1.5397,129.854
-1.53964,272.215
-1.53964,271.93
-1.53957,71.7817
-1.5395,141.102
-1.53939,248.225
-1.53936,0.993213
-1.53923,271.358
-1.53911,140.985
-1.53901,67.3524
-1.539,341.458
-1.53885,128.619
-1.53872,154.982
-1.53858,79.2689
-1.53849,216.569
-1.53846,150.694
-1.53841,84.9269
-1.53803,186.319
-1.53797,104.886
-1.53781,4.03636
-1.53779,145.355
-1.53752,74.3522
-1.53728,338.989
-1.53673,149.823
-1.53671,159.578
-1.53639,151.132
-1.53635,173.674
-1.5362,166.959
-1.53608,216.398
-1.53603,136.585
-1.536,153.397
-1.53575,66.261
-1.5357,100.753
-1.5355,103.615
-1.53531,279.48
-1.53528,356.292
-1.53527,148.956
-1.5352,122.956
-1.53519,243.555
-1.53517,14.8897
-1.53504,287.084
-1.535,156.027
-1.53495,150.505
-1.53492,121.436
-1.5349,37.1586
-1.53474,254.258
-1.53474,276.002
-1.53466,249.672
-1.53465,73.9691
-1.53417,74.4639
-1.53412,157.165
-1.53409,141.782
-1.53402,157.04
-1.53379,70.6088
-1.5336,143.051
-1.53358,194.155
-1.53323,142.835
-1.53319,195.575
-1.53309,177.481
-1.53285,107.016
-1.53283,161.813
-1.5325,106.552
-1.53248,122.797
-1.53243,101.943
-1.53221,146.528
-1.53219,108.321
-1.53216,159.036
-1.53214,30.6794
-1.53209,211.703
-1.53199,248.587
-1.53195,238.207
-1.53194,70.7844
-1.53181,358.042
-1.53176,85.8107
-1.53169,98.9075
-1.53167,108.918
-1.5316,145.746
-1.53158,92.6733
-0.700288,186.964
-0.700256,338.705
-0.700228,11.3306
-0.700211,229.359
-0.70015,128.092
-0.700118,339.203
-0.699993,3.59316
-0.699975,292.498
-0.699836,36.4351
-0.699664,143.976
-0.699594,5.04315
-0.699585,231.483
-0.699453,119.593
-0.699388,197.511
-0.699257,229.833
-0.699256,143.722
-0.699247,276.293
-0.699175,144.844
-0.699084,193.07
-0.698981,126.051
-0.698938,177.772
-0.698937,212.92
-0.698918,190.186
-0.698652,71.5985
-0.698632,279.103
-0.698616,259.295
-0.69848,109.212
-0.69848,131.494
-0.698459,126.657
-0.69843,176.404
-0.698274,247.52
-0.69812,160.805
-0.698029,146.238
-0.698008,165.562
-0.697982,139.874
-0.697755,104.784
-0.697747,76.3674
-0.697561,213.797
-0.697488,130.531
-0.697244,211.163
-0.697235,10.3943
-0.69713,73.6545
-0.696785,188.763
-0.696735,8.84385
-0.696715,178.445
-0.696627,161.911
-0.69611,73.9745
-0.695964,196.455
-0.695641,167.041
-0.695473,124.14
-0.695454,143.083
-0.695373,238.621
-0.695168,239.677
-0.694617,157.058
-0.694608,13.126
-0.694489,258.629
-0.694424,19.6158
-0.694192,190.125
-0.694074,172.369
-0.69401,202.86
-0.693795,151.299
-0.69377,158.54
-0.693704,151.713
-0.693698,252.231
-0.693586,240.337
-0.693572,206.32
-0.69354,145.518
-0.69349,85.7527
-0.693487,212.573
-0.693477,138.376
-0.693429,112.223
-0.693085,246.034
-0.693044,240.3
-0.692986,69.2226
-0.692951,145.341
-0.692855,127.852
-0.692681,354.134
-0.69256,165.625
-0.692525,137.953
-0.692426,173.03
-0.692408,285.195
-0.692399,245.306
-0.692339,185.644
-0.692178,332.041
-0.691643,134.291
-0.69162,181.24
-0.691462,356.576
-0.691275,21.7529
-0.690476,97.4503
-0.690425,64.9631
-0.690416,157.269
-0.690365,238.891
-0.690268,117.949
-0.69018,254.642
-0.690103,185.972
-0.689935,276.819
-0.689888,316.832
-0.689884,249
-0.689851,329.305
-0.689672,246.902
-0.689605,74.5335
-0.689438,176.269
-0.689232,10.1615
-0.689213,142.21
-0.689125,146.595
-0.689079,72.7698
-0.68895,245.893
-0.688935,143.483
-0.688746,128.16
-0.688689,181.022
-0.688235,111.905
-0.688036,135.611
-0.687982,62.6773
-0.687683,135.318
-0.687661,185.371
-0.687604,18.2886
-0.687502,206.022
-0.687338,202.401
-0.687293,20.546
-0.687255,129.481
-0.687042,279.374
-0.686769,33.4813
-0.686299,64.4706
-0.686259,157.778
-0.686194,212.174
-0.68619,19.9407
-0.686141,169.3
-0.685958,33.1334
-0.68589,152.879
-0.685708,239.967
-0.685695,151.556
-0.685651,148.641
-0.685635,356.136
-0.685482,156.247
-0.68529,25.8241
-0.685287,7.43276
-0.685151,181.801
-0.685149,206.453
-0.685059,109.318
-0.684968,180.088
-0.684905,263.624
-0.684792,139.698
-0.684692,215.847
-0.684608,180.513
-0.684519,127.7
-0.68447,72.5024
-0.684455,93.2709
-0.684327,151.665
-0.684142,156.803
-0.684106,99.2488
-0.684034,139.517
-0.683819,158.388
-0.683693,212.536
-0.683677,132.085
-0.683355,259.093
-0.683294,5.64356
-0.683289,200.499
-0.683266,109.324
-0.682953,140.056
-0.682836,65.2397
-0.682778,158.586
-0.682744,165.859
-0.682319,134.377
-0.682076,188.259
-0.6818,152.172
-0.681768,203.166
-0.681724,206.884
-0.681559,74.7276
-0.681522,116.242
-0.681362,247.711
-0.680982,9.26993
-0.680944,229.641
-0.680897,150.154
-0.680861,190.551
-0.680656,8.49213
-0.68058,179.865
-0.680481,342.124
-0.680084,159.804
-0.679939,192.299
-0.679898,80.6997
-0.679874,251.277
-0.679815,354.863
-0.679545,21.8558
-0.679382,167.73
-0.67906,186.786
-0.678932,33.6818
-0.678823,140.316
-0.678719,200.273
-0.678608,40.7539
-0.678448,164.81
-0.678437,162.43
-0.678432,73.8991
-0.678272,100.49
-0.678116,79.3213
-0.67807,79.886
-0.677979,202.487
-0.677893,4.92295
-0.677885,282.364
-0.677451,29.7204
-0.67739,160.961
-0.677304,259.9
-0.677265,342.99
-0.67725,115.664
-0.676969,281.386
-0.676946,181.38
-0.676459,64.2432
-0.676312,184.118
-0.676305,160.59
-0.676151,99.1719
-0.67577,186.613
-0.675576,116.755
-0.675514,95.2232
-0.67547,115.324
-0.675449,275.9
-0.675307,149.329
-0.675259,215.076
-0.675144,279.178
-0.675005,21.2281
-0.67474,277.811
-0.674454,327.606
-0.673894,192.368
-0.673781,129.866
-0.673621,93.4546
-0.673616,251.874
-0.673593,252.641
-0.673152,11.8181
-0.672983,158.276
-0.672916,136.502
-0.672915,74.243
-0.672867,146.043
-0.67273,214.21
-0.672605,279.808
-0.672572,33.5939
-0.672281,278.09
-0.672239,145.038
-0.672183,157.34
-0.672112,1.60889
-0.672091,154.368
-0.672034,143.369
-0.67192,139.217
-0.671908,40.0237
-0.671905,178.954
-0.671778,188.654
-0.671733,40.6472
-0.671366,236.107
-0.670783,234.334
-0.670741,29.8784
-0.670516,180.867
-0.67047,215.347
-0.670346,242.291
-0.670235,100.076
-0.670158,105.437
-0.670065,32.599
-0.669966,7.59869
-0.66996,212.729
-0.669932,162.143
-0.669903,77.0214
-0.6698,146.711
-0.669703,242.421
-0.669641,172.971
-0.669487,134.35
-0.669435,125.936
-0.669351,78.4478
-0.66934,147.743
-0.669165,202.526
-0.668674,11.2162
-0.668477,6.66876
-0.668385,290.464
-0.668238,162.586
-0.668235,184.203
-0.668223,137.449
-0.668077,26.9332
-0.667738,64.3035
-0.667663,280.554
-0.66745,115.924
-0.667179,152.303
-0.667127,172.779
-0.667089,26.2707
-0.667061,182.461
-0.666998,157.992
-0.666804,311.608
-0.666686,275.192
-0.666377,21.1011
-0.666064,159.431
-0.665984,157.599
-0.665956,54.9532
-0.665598,187.394
-0.665281,77.2877
-0.665224,114.596
-0.665165,177.71
-0.665151,92.321
-0.665015,239.923
-0.665014,206.302
-0.664919,10.6171
-0.664773,343.331
-0.66467,78.0577
-0.664173,293.935
-0.664158,231.514
-0.664126,236.215
-0.664031,167.208
-0.663821,299.023
-0.663744,280.02
-0.663744,148.825
-0.663741,344.423
-0.66345,193.607
-0.663416,57.0312
-0.663394,143.267
-0.663392,35.3932
-0.663362,295.333
-0.663316,150.436
-0.663209,176.311
-0.663163,161.012
-0.663153,146.15
-0.663136,21.4292
-0.662888,180.209
-0.662709,342.088
-0.662617,122.06
-0.662483,187.654
-0.66248,156.36
-0.662459,78.1355
-0.662401,241.204
-0.6624,127.367
-0.662257,175.904
-0.662124,93.7135
-0.662107,215.802
-0.662039,149.106
-0.662035,216.887
-0.661976,80.0352
-0.661967,162.354
-0.661788,76.6025
-0.66176,41.8902
-0.661722,117.301
-0.661617,61.8751
-0.661552,292.846
-0.661547,159.689
-0.661506,243.174
-0.661492,76.5251
-0.661459,292.757
-0.661421,22.8707
-0.661399,94.8383
-0.661378,155.069
-0.661252,226.202
-0.661246,259.146
-0.661209,36.5802
-0.661046,254.552
-0.661027,94.9409
-0.660782,277.695
-0.660637,161.089
-0.660612,99.3183
-0.660409,244.142
-0.660337,72.2045
-0.660188,181.688
-0.659688,180.63
-0.659643,96.5487
-0.659624,183.989
-0.659611,161.563
-0.659517,84.7089
-0.659427,13.9526
-0.659402,215.582
-0.659348,212.965
-0.65924,152.517
-0.659193,260.518
-0.659162,13.4442
-0.658707,146.645
-0.658703,197.903
-0.658627,72.8868
-0.65853,177.322
-0.658426,144.481
-0.658309,212.79
-0.658309,97.0646
-0.658265,294.134
-0.657983,76.7325
-0.657587,190.666
-0.65745,119.137
-0.657418,235.806
-0.657291,160.745
-0.657265,39.2687
-0.65726,122.238
-0.657117,150.186
-0.656891,105.13
-0.656864,213.416
-0.656705,274.519
-0.656697,143.551
-0.656684,97.4241
-0.656484,158.285
-0.656335,76.8881
-0.656092,135.978
-0.655935,35.2256
-0.655706,189.605
-0.655567,142.446
-0.655563,11.0988
-0.655562,156.733
-0.655376,89.844
-0.655342,110.443
-0.655002,151.982
-0.654899,191.349
-0.654855,187.137
-0.654786,110.356
-0.654427,266.696
-0.65434,93.7892
-0.654089,115.835
-0.654076,214.531
-0.653999,273.545
-0.653394,97.1873
-0.65317,145.359
-0.653129,93.1233
-0.65312,70.915
-0.653082,172.31
-0.653031,17.9404
-0.6529,156.643
-0.652861,141.006
-0.652816,250.616
-0.65236,84.4063
-0.652239,183.941
-0.652194,169.756
-0.652104,278.03
-0.65189,225.845
-0.651493,127.031
-0.651409,35.1619
-0.65134,62.8199
-0.650976,145.914
-0.650936,338.305
-0.650898,195.034
-0.650822,66.5947
-0.650681,74.1547
-0.650608,148.463
-0.650521,8.84362
-0.650432,9.97295
-0.650409,255.415
-0.650236,313.263
-0.65009,196.321
-0.650007,14.3003
-0.64978,194.658
-0.649659,140.464
-0.649641,35.4475
-0.649364,191.63
-0.649223,143.417
-0.649009,143.482
-0.648896,216.291
-0.648894,252.806
-0.648684,344.55
-0.648664,111.884
-0.648661,153.3
-0.648643,144.913
-0.648498,242.473
-0.648484,130.303
-0.648209,159.113
-0.648053,343.561
-0.647648,99.2693
-0.647618,154.135
-0.647496,116.701
-0.647329,156.937
-0.647117,279.382
-0.647006,116.645
-0.646802,93.2056
-0.646796,93.9851
-0.646166,159.495
-0.646076,112.386
-0.646009,109.84
-0.645985,125.851
-0.645814,129.312
-0.64567,214.398
-0.645664,117.088
-0.645633,206.387
-0.645564,280.451
-0.64547,224.42
-0.645224,68.2509
-0.644798,11.5068
-0.644738,185.134
-0.644569,132.239
-0.644283,338.431
-0.644264,343.449
-0.644065,278.591
-0.643928,78.3512
-0.6439,176.348
-0.643753,185.355
-0.643723,216.724
-0.643698,119.367
-0.643644,19.3483
-0.643589,63.2874
-0.643469,39.19
-0.643427,149.221
-0.643315,140.818
-0.643293,151.6
-0.643285,38.4362
-0.643212,19.8024
-0.643173,244.089
-0.643009,207.231
-0.642578,1.08455
-0.642497,229.08
-0.642354,186.923
-0.642013,38.0685
-0.641997,186.3
-0.641974,206.236
-0.641733,243.197
-0.641715,151.274
-0.641646,139.7
-0.641412,152.474
-0.641388,342.12
-0.641373,99.7493
-0.641327,13.8098
-0.641252,213.86
-0.641201,343.5
-0.641149,142.72
-0.641119,122.52
-0.641025,214.491
-0.6409,138.934
-0.640858,135.835
-0.64061,133.164
-0.640599,184.977
-0.640584,157.079
-0.640524,132.191
-0.640446,118.177
-0.640319,8.73617
-0.640304,61.1717
-0.640177,146.438
-0.640176,37.8069
-0.639876,133.988
-0.639692,40.7239
-0.639671,187.941
-0.639648,330.521
-0.639412,174.807
-0.639318,176.248
-0.639004,141.876
-0.638878,212.617
-0.638752,139.926
-0.638729,215.067
-0.638711,127.353
-0.638365,342.454
-0.638287,77.3419
-0.638261,181.256
-0.638222,209.977
-0.638203,117.67
-0.638063,165.125
-0.637805,119.331
-0.637566,188.739
-0.637473,181.703
-0.637361,37.74
-0.637062,1.71019
-0.636984,3.35371
-0.636548,87.4672
-0.636219,95.2774
-0.636088,19.0743
-0.635941,96.9574
-0.635774,9.46305
-0.635636,294.4
-0.63526,275.16
-0.635097,105.328
-0.634925,255.663
-0.634583,139.575
-0.634559,140.202
-0.634555,186.962
-0.63454,140.729
-0.634421,175.487
-0.634411,26.9065
-0.634015,146.897
-0.633826,144.812
-0.633482,163.106
-0.633441,242.92
-0.633432,196.846
-0.633331,247.678
-0.633168,162.289
-0.633154,35.5734
-0.633042,118.346
-0.633024,343.123
-0.63291,252.318
-0.632885,87.0738
-0.632737,206.295
-0.632487,239.949
-0.632271,70.46
-0.631907,213.312
-0.631792,150.135
-0.631729,192.904
-0.631686,236.966
-0.631565,274.487
-0.631481,97.8775
-0.631253,129.091
-0.631229,19.1901
-0.630843,62.7294
-0.630685,170.614
-0.630543,216.945
-0.630458,80.2084
-0.630429,195.396
-0.630426,159.274
-0.630379,3.47583
-0.630372,162.131
-0.630173,136.567
-0.630135,152.826
-0.630134,269.241
-0.629831,150.769
-0.629827,280.524
-0.629795,26.2567
-0.629612,77.0425
-0.629525,176.009
-0.629366,162.975
-0.629326,263.783
-0.629283,8.42396
-0.629176,158.745
-0.629163,122.94
-0.629118,164.402
-0.629071,181.036
-0.628934,180.707
-0.62873,9.2507
-0.628617,75.0068
-0.628021,38.2253
-0.627948,142.037
-0.627927,184.883
-0.627801,160.097
-0.627747,22.8431
-0.62774,126.027
-0.627699,76.6283
-0.627292,266.976
-0.627207,74.9058
-0.627166,344.341
-0.627135,146.848
-0.627097,190.332
-0.626954,80.7151
-0.626951,124.464
-0.626837,139.456
-0.626807,216.427
-0.626633,116.94
-0.626614,10.0957
-0.626601,186.047
-0.626462,108.495
-0.626012,73.4262
-0.625988,189.388
-0.625869,32.7943
-0.625656,166.487
-0.625509,97.8167
-0.625434,66.5612
-0.625417,16.402
-0.625308,160.839
-0.625298,270.393
-0.625167,135.033
-0.625158,148.048
-0.62511,139.526
-0.625007,212.831
-0.624995,84.7007
-0.624933,111.401
-0.624694,72.5173
-0.624654,159.725
-0.624601,161.657
-0.624494,79.946
-0.624467,80.08
-0.624452,142.746
-0.624446,107.098
-0.624405,74.0065
-0.624227,153.678
-0.624224,137.079
-0.624095,280.776
-0.624077,233.57
-0.623827,2.20772
-0.623694,132.049
-0.62361,126.244
-0.623578,102.563
-0.623427,271.687
-0.623418,275.625
-0.623175,163.55
-0.623158,174.611
-0.623106,64.034
-0.62291,167.018
-0.622778,291.73
-0.622606,145.949
-0.622532,76.9924
-0.622509,216.883
-0.622361,38.487
-0.622252,289.186
-0.622145,35.7315
-0.622071,342.72
-0.621985,215.77
-0.621814,272.601
-0.621677,139.981
-0.62159,185.679
-0.621417,242.699
-0.621361,33.9337
-0.620943,161.505
-0.620737,166.334
-0.620619,45.7594
-0.620618,106.374
-0.620382,338.223
-0.620273,100.018
-0.620193,140.547
-0.62009,159.828
-0.620037,76.4564
-0.619722,216.31
-0.619694,125.187
-0.619638,279.756
-0.619341,91.1305
-0.619032,73.5267
-0.618925,62.6731
-0.618824,148.178
-0.618714,1.17002
-0.618676,295.441
-0.618423,289.59
-0.618157,138.802
-0.618043,140.068
-0.618033,184.648
-0.617963,217.081
-0.617878,127.841
-0.617772,336.091
-0.617691,204
-0.617658,126.14
-0.617547,73.2472
-0.617543,37.7678
-0.617428,150.428
-0.616809,82.684
-0.61675,8.5131
-0.616609,159.92
-0.616478,178.171
-0.616296,103.707
-0.616151,89.4131
-0.616125,264.928
-0.616115,216.262
-0.616092,21.2532
-0.61598,200.854
-0.615762,179.204
-0.615722,98.5801
-0.615712,77.6665
-0.615658,278.012
-0.615542,342.348
-0.615459,258.242
-0.615253,6.41717
-0.615087,259.648
-0.614826,153.036
-0.614753,211.423
-0.614526,135.958
-0.614314,135.27
-0.613983,72.0108
-0.613957,153.965
-0.613779,290.033
-0.613767,36.5252
-0.613604,215.97
-0.613228,153.086
-0.613146,276.471
-0.613001,193.562
-0.612817,204.452
-0.612592,207.676
-0.612411,115.653
-0.612383,204.646
-0.612228,216.398
-0.612146,123.138
-0.612099,130.613
-0.612009,185.974
-0.611737,289.478
-0.611674,77.1918
-0.611592,106.113
-0.611571,116.522
-0.611462,258.606
-0.611461,187.22
-0.61135,343.475
-0.611071,149.978
-0.610973,3.21603
-0.610783,14.8957
-0.610681,125.485
-0.61063,113.543
-0.610425,23.033
-0.610403,121.739
-0.610324,147.249
-0.610276,151.472
-0.610235,5.61692
-0.610216,153.574
-0.609876,187.04
-0.609834,226.441
-0.609703,165.089
-0.609554,161.6
-0.609347,214.706
-0.609292,4.94645
-0.609268,237.151
-0.609179,215.075
-0.609115,59.7288
-0.60903,276.749
-0.608982,289.818
-0.608825,251.791
-0.608732,208.994
-0.608703,80.3797
-0.608677,168.805
-0.608616,157.977
-0.608385,213.452
-0.608305,11.8001
-0.608248,96.5717
-0.608209,215.248
-0.608148,236.91
-0.608037,209.605
-0.607984,196.211
-0.60797,157.671
-0.607959,277.403
-0.607874,292.5
-0.60787,197.011
-0.607484,93.2068
-0.607453,110.41
-0.607243,41.1916
-0.607077,200.395
-0.607014,70.5883
-0.606944,19.7798
-0.606824,94.1036
-0.606738,61.158
-0.606665,143.129
-0.606554,167.931
-0.606457,216.489
-0.606347,104.339
-0.606207,169.983
-0.606154,27.7035
-0.60601,152.873
-0.605972,183.302
-0.605924,26.8845
-0.60585,284.848
-0.605699,225.922
-0.605623,159.984
-0.605482,136.236
-0.605028,202.664
-0.604907,140.178
-0.60489,358.347
-0.604835,338.392
-0.604822,253.44
-0.6047,115.113
-0.604672,68.9816
-0.604551,180.033
-0.604323,203.295
-0.604304,214.626
-0.604176,9.44685
-0.60417,339.167
-0.604163,101.706
-0.60414,150.5
-0.603787,38.0092
-0.603744,188.557
-0.603741,278.293
-0.603551,145.733
-0.603457,271.145
-0.603296,144.676
-0.603239,215.352
-0.602864,143.475
-0.602835,115.485
-0.602778,100.062
-0.602624,145.568
-0.602567,19.2647
-0.60244,342.887
-0.602388,280.439
-0.602377,28.5925
-0.602282,57.8927
-0.602206,78.0509
-0.601977,147.478
-0.601881,330.276
-0.601706,275.76
-0.601537,253.791
-0.601214,94.1125
-0.60101,249.087
-0.600937,150.628
-0.600926,123.968
-0.600761,278.611
-0.600752,179.881
-0.600505,28.7775
-0.600339,280.287
-0.600314,226.68
-0.600268,140.694
-0.599653,347.173
-0.599497,139.88
-0.599347,23.0004
-0.599344,198.366
-0.599278,74.2997
-0.599178,145.606
-0.598915,84.3203
-0.59883,228.662
-0.598761,109.49
-0.598726,277.939
-0.598613,35.7004
-0.598586,21.076
-0.598395,157.372
-0.598386,60.6026
-0.598308,243.823
-0.598242,277.668
-0.598227,269.221
-0.597893,212.575
-0.597754,246.559
-0.597709,141.544
-0.597706,239.976
-0.597466,77.9811
-0.597387,18.2932
-0.597369,77.8278
-0.597216,184.224
-0.597183,73.0502
-0.597138,185.812
-0.597019,14.1102
-0.596898,123.599
-0.596822,161.914
-0.596468,136.891
-0.596392,270.556
-0.596386,214.532
-0.59625,274.503
-0.596112,215.18
-0.596096,97.2559
-0.595971,275.264
-0.595902,149.542
-0.595665,112.964
-0.595551,209.486
-0.595198,28.2398
-0.594931,190.227
-0.59477,174.06
-0.5943,124.916
-0.59415,236.039
-0.594031,242.12
-0.593776,165.192
-0.593636,159.513
-0.5935,149.611
-0.593469,157.113
-0.593418,111.029
-0.59337,134.83
-0.593184,124.1
-0.593091,185.197
-0.593065,181.526
-0.593016,235.279
-0.593001,266.089
-0.592943,196.488
-0.592826,193.536
-0.592524,190.042
-0.592451,172.525
-0.59244,205.565
-0.592432,236.134
-0.592341,13.6573
-0.592337,16.0357
-0.592133,181.329
-0.592032,281.519
-0.592029,216.375
-0.591943,142.692
-0.591746,269.057
-0.591587,162.062
-0.591479,24.1767
-0.591465,144.752
-0.591376,284.673
-0.591343,209.64
-0.591149,27.7838
-0.59098,131.542
-0.590925,213.084
-0.590761,145.433
-0.590691,115.851
-0.590496,294.5
-0.590491,143.724
-0.590458,47.4154
-0.590418,85.7196
-0.59032,41.0484
-0.590317,126.002
-0.590276,174.969
-0.590076,226.123
-0.589937,134.277
-0.58991,21.193
-0.589861,164.837
-0.589792,122.03
-0.589763,139.065
-0.58975,93.9143
-0.589685,159.454
-0.589682,3.29374
-0.589642,145.195
-0.589588,69.3353
-0.589454,295.808
-0.589422,100.541
-0.589406,40.7227
-0.589377,197.986
-0.589138,115.316
-0.589094,229.338
-0.588918,22.8237
-0.588886,69.2675
-0.588852,11.1021
-0.588826,143.81
-0.588794,239.092
-0.588774,292.128
-0.588737,197.785
-0.588728,179.026
-0.588706,202.433
-0.588488,177.912
-0.588206,337.226
-0.588102,155.894
-0.588089,64.0168
-0.588059,287.765
-0.587693,39.1349
-0.587625,86.0719
-0.587488,142.477
-0.587419,252.788
-0.587404,200.76
-0.587322,202.831
-0.58732,76.5692
-0.58722,5.1846
-0.587157,168.247
-0.5871,205.177
-0.587068,120.231
-0.586773,178.024
-0.586648,209.707
-0.586618,7.37961
-0.586392,20.7746
-0.586248,109.8
-0.586086,40.0366
-0.585791,35.2068
-0.5857,203.401
-0.585663,125.849
-0.585657,10.0464
-0.585579,136.721
-0.585347,132.779
-0.585043,57.8684
-0.58502,274.427
-0.58478,200.322
-0.584673,75.9931
-0.584545,258.106
-0.584492,102.016
-0.584432,72.7877
-0.584424,178.428
-0.584372,179.417
-0.58417,107.157
-0.583922,171.74
-0.583767,164.585
-0.583554,5.28546
-0.583456,164.708
-0.583427,236.686
-0.583419,338.676
-0.58338,90.1252
-0.583372,97.9352
-0.583363,137.298
-0.583333,28.8731
-0.583187,144.857
-0.583167,158.128
-0.583152,172.168
-0.582837,32.5619
-0.582656,212.765
-0.58255,204.512
-0.582431,338.768
-0.582398,228.425
-0.582205,35.5155
-0.581976,62.2762
-0.581971,163.045
-0.581881,34.9613
-0.581659,59.8955
-0.581231,129.338
-0.581185,149.103
-0.581136,276.518
-0.581094,338.996
-0.580974,276.023
-0.58091,128.665
-0.580785,161.108
-0.58067,172.46
-0.580599,278.149
-0.580397,105.574
-0.580373,125.318
-0.580293,195.595
-0.580248,280.409
-0.580162,247.813
-0.580072,28.2108
-0.57971,254.122
-0.579452,36.2614
